UEYQwuKSE@mail.ru,UPDATE,2024-09-24 06:00:14
KhacfjIIfHlS@gmail.com,READ,2024-09-24 02:07:18
aIgOwmrvNDqq@gmail.com,CREATE,2024-09-24 12:01:23
KhacfjIIfHlS@gmail.com,CREATE,2024-09-24 15:40:05
hBlMoBuazD@mail.ru,UPDATE,2024-09-24 03:49:25
VmstC@ya.ru,UPDATE,2024-09-24 04:15:56
UEYQwuKSE@mail.ru,CREATE,2024-09-24 15:21:00
erLXUOCjtZ@mail.ru,CREATE,2024-09-24 05:56:09
lZJvGs@gmail.com,UPDATE,2024-09-24 15:20:52
fJkhNDM@ya.ru,DELETE,2024-09-24 20:55:00
CwKsa@ya.ru,DELETE,2024-09-24 03:53:55
hBlMoBuazD@mail.ru,READ,2024-09-24 02:32:55
UEYQwuKSE@mail.ru,CREATE,2024-09-24 21:22:34
erLXUOCjtZ@mail.ru,UPDATE,2024-09-24 15:26:17
aIgOwmrvNDqq@gmail.com,UPDATE,2024-09-24 03:39:59
CwKsa@ya.ru,UPDATE,2024-09-24 06:03:47
KhacfjIIfHlS@gmail.com,READ,2024-09-24 10:39:36
aIgOwmrvNDqq@gmail.com,DELETE,2024-09-24 23:41:01
aIgOwmrvNDqq@gmail.com,CREATE,2024-09-24 20:27:53
VmstC@ya.ru,DELETE,2024-09-24 03:09:48
vWRfOglEg@gmail.com,READ,2024-09-24 07:04:33
VmstC@ya.ru,CREATE,2024-09-24 18:16:34
erLXUOCjtZ@mail.ru,UPDATE,2024-09-24 03:46:17
hBlMoBuazD@mail.ru,UPDATE,2024-09-24 05:04:50
hBlMoBuazD@mail.ru,UPDATE,2024-09-24 11:45:37
KhacfjIIfHlS@gmail.com,CREATE,2024-09-24 08:24:08
vWRfOglEg@gmail.com,DELETE,2024-09-24 19:05:54
UEYQwuKSE@mail.ru,READ,2024-09-24 00:15:18
hBlMoBuazD@mail.ru,DELETE,2024-09-24 11:29:04
CwKsa@ya.ru,DELETE,2024-09-24 15:36:15
KhacfjIIfHlS@gmail.com,UPDATE,2024-09-24 15:06:13
UEYQwuKSE@mail.ru,CREATE,2024-09-24 01:17:26
hBlMoBuazD@mail.ru,READ,2024-09-24 02:29:48
erLXUOCjtZ@mail.ru,CREATE,2024-09-24 20:54:45
fJkhNDM@ya.ru,DELETE,2024-09-24 20:21:50
VmstC@ya.ru,UPDATE,2024-09-24 09:48:39
VmstC@ya.ru,CREATE,2024-09-24 14:51:59
erLXUOCjtZ@mail.ru,UPDATE,2024-09-24 16:11:28
KhacfjIIfHlS@gmail.com,CREATE,2024-09-24 09:18:24
CwKsa@ya.ru,READ,2024-09-24 19:47:23
UEYQwuKSE@mail.ru,CREATE,2024-09-24 17:51:29
vWRfOglEg@gmail.com,READ,2024-09-24 17:03:19
VmstC@ya.ru,CREATE,2024-09-24 20:52:46
UEYQwuKSE@mail.ru,READ,2024-09-24 05:25:08
CwKsa@ya.ru,UPDATE,2024-09-24 00:15:05
lZJvGs@gmail.com,DELETE,2024-09-24 08:27:32
hBlMoBuazD@mail.ru,UPDATE,2024-09-24 17:54:33
vWRfOglEg@gmail.com,CREATE,2024-09-24 07:51:30
vWRfOglEg@gmail.com,CREATE,2024-09-24 13:59:12
fJkhNDM@ya.ru,READ,2024-09-24 13:55:03
VmstC@ya.ru,CREATE,2024-09-24 00:01:35
CwKsa@ya.ru,UPDATE,2024-09-24 01:51:36
VmstC@ya.ru,CREATE,2024-09-24 00:32:41
VmstC@ya.ru,CREATE,2024-09-24 01:52:29
hBlMoBuazD@mail.ru,CREATE,2024-09-24 08:00:24
hBlMoBuazD@mail.ru,DELETE,2024-09-24 14:10:45
CwKsa@ya.ru,CREATE,2024-09-24 13:39:27
fJkhNDM@ya.ru,CREATE,2024-09-24 17:13:12
fJkhNDM@ya.ru,CREATE,2024-09-24 23:27:44
aIgOwmrvNDqq@gmail.com,UPDATE,2024-09-24 02:57:59
UEYQwuKSE@mail.ru,UPDATE,2024-09-24 08:47:42
hBlMoBuazD@mail.ru,READ,2024-09-24 09:17:30
VmstC@ya.ru,UPDATE,2024-09-24 04:30:41
KhacfjIIfHlS@gmail.com,UPDATE,2024-09-24 18:27:46
UEYQwuKSE@mail.ru,CREATE,2024-09-24 21:35:11
hBlMoBuazD@mail.ru,UPDATE,2024-09-24 11:08:49
aIgOwmrvNDqq@gmail.com,DELETE,2024-09-24 22:46:01
aIgOwmrvNDqq@gmail.com,CREATE,2024-09-24 15:57:57
lZJvGs@gmail.com,UPDATE,2024-09-24 06:17:35
KhacfjIIfHlS@gmail.com,UPDATE,2024-09-24 22:54:08
erLXUOCjtZ@mail.ru,DELETE,2024-09-24 20:50:33
UEYQwuKSE@mail.ru,READ,2024-09-24 16:20:31
lZJvGs@gmail.com,UPDATE,2024-09-24 12:14:36
CwKsa@ya.ru,DELETE,2024-09-24 05:02:00
fJkhNDM@ya.ru,CREATE,2024-09-24 09:36:27
vWRfOglEg@gmail.com,DELETE,2024-09-24 19:06:34
fJkhNDM@ya.ru,UPDATE,2024-09-24 20:19:06
erLXUOCjtZ@mail.ru,DELETE,2024-09-24 01:57:32
vWRfOglEg@gmail.com,READ,2024-09-24 22:38:27
vWRfOglEg@gmail.com,CREATE,2024-09-24 01:52:46
KhacfjIIfHlS@gmail.com,CREATE,2024-09-24 06:29:39
VmstC@ya.ru,CREATE,2024-09-24 00:50:58
KhacfjIIfHlS@gmail.com,UPDATE,2024-09-24 16:15:50
KhacfjIIfHlS@gmail.com,CREATE,2024-09-24 01:14:32
lZJvGs@gmail.com,CREATE,2024-09-24 06:38:14
VmstC@ya.ru,CREATE,2024-09-24 15:52:48
CwKsa@ya.ru,DELETE,2024-09-24 01:05:52
UEYQwuKSE@mail.ru,DELETE,2024-09-24 19:14:14
erLXUOCjtZ@mail.ru,UPDATE,2024-09-24 03:31:51
hBlMoBuazD@mail.ru,DELETE,2024-09-24 12:13:18
vWRfOglEg@gmail.com,CREATE,2024-09-24 14:48:25
VmstC@ya.ru,CREATE,2024-09-24 11:24:54
lZJvGs@gmail.com,READ,2024-09-24 22:00:31
fJkhNDM@ya.ru,READ,2024-09-24 01:54:31
erLXUOCjtZ@mail.ru,UPDATE,2024-09-24 11:40:05
aIgOwmrvNDqq@gmail.com,CREATE,2024-09-24 18:38:01
UEYQwuKSE@mail.ru,DELETE,2024-09-24 21:00:06
KhacfjIIfHlS@gmail.com,UPDATE,2024-09-24 15:19:27
CwKsa@ya.ru,CREATE,2024-09-24 17:28:36
erLXUOCjtZ@mail.ru,CREATE,2024-09-24 23:25:16
UEYQwuKSE@mail.ru,UPDATE,2024-09-24 09:54:09
hBlMoBuazD@mail.ru,UPDATE,2024-09-24 10:56:29
vWRfOglEg@gmail.com,READ,2024-09-24 01:58:41
erLXUOCjtZ@mail.ru,UPDATE,2024-09-24 00:45:37
CwKsa@ya.ru,READ,2024-09-24 08:39:37
hBlMoBuazD@mail.ru,CREATE,2024-09-24 06:21:47
lZJvGs@gmail.com,DELETE,2024-09-24 02:11:15
VmstC@ya.ru,UPDATE,2024-09-24 18:56:57
fJkhNDM@ya.ru,UPDATE,2024-09-24 04:34:42
CwKsa@ya.ru,UPDATE,2024-09-24 10:37:30
VmstC@ya.ru,READ,2024-09-24 16:46:13
vWRfOglEg@gmail.com,UPDATE,2024-09-24 05:50:09
VmstC@ya.ru,CREATE,2024-09-24 20:22:54
hBlMoBuazD@mail.ru,READ,2024-09-24 18:45:54
VmstC@ya.ru,UPDATE,2024-09-24 04:17:59
erLXUOCjtZ@mail.ru,DELETE,2024-09-24 00:55:51
aIgOwmrvNDqq@gmail.com,CREATE,2024-09-24 15:36:13
erLXUOCjtZ@mail.ru,UPDATE,2024-09-24 22:10:01
erLXUOCjtZ@mail.ru,UPDATE,2024-09-24 03:12:10
erLXUOCjtZ@mail.ru,DELETE,2024-09-24 16:32:06
vWRfOglEg@gmail.com,DELETE,2024-09-24 12:55:58
CwKsa@ya.ru,CREATE,2024-09-24 06:45:35
CwKsa@ya.ru,DELETE,2024-09-24 18:02:48
lZJvGs@gmail.com,UPDATE,2024-09-24 07:56:52
CwKsa@ya.ru,UPDATE,2024-09-24 18:16:49
CwKsa@ya.ru,UPDATE,2024-09-24 09:59:11
KhacfjIIfHlS@gmail.com,UPDATE,2024-09-24 05:23:12
erLXUOCjtZ@mail.ru,UPDATE,2024-09-24 17:29:57
erLXUOCjtZ@mail.ru,DELETE,2024-09-24 20:51:10
erLXUOCjtZ@mail.ru,CREATE,2024-09-24 12:14:54
hBlMoBuazD@mail.ru,DELETE,2024-09-24 04:18:53
KhacfjIIfHlS@gmail.com,DELETE,2024-09-24 23:11:10
UEYQwuKSE@mail.ru,CREATE,2024-09-24 00:42:31
fJkhNDM@ya.ru,CREATE,2024-09-24 10:24:27
hBlMoBuazD@mail.ru,DELETE,2024-09-24 13:49:28
fJkhNDM@ya.ru,READ,2024-09-24 21:56:33
hBlMoBuazD@mail.ru,CREATE,2024-09-24 07:21:18
aIgOwmrvNDqq@gmail.com,CREATE,2024-09-24 04:45:18
UEYQwuKSE@mail.ru,CREATE,2024-09-24 14:24:04
fJkhNDM@ya.ru,READ,2024-09-24 05:16:56
aIgOwmrvNDqq@gmail.com,UPDATE,2024-09-24 05:30:44
UEYQwuKSE@mail.ru,READ,2024-09-24 00:51:43
hBlMoBuazD@mail.ru,UPDATE,2024-09-24 03:05:16
erLXUOCjtZ@mail.ru,DELETE,2024-09-24 10:32:03
UEYQwuKSE@mail.ru,READ,2024-09-24 00:33:14
fJkhNDM@ya.ru,UPDATE,2024-09-24 01:36:32
vWRfOglEg@gmail.com,READ,2024-09-24 11:25:10
hBlMoBuazD@mail.ru,UPDATE,2024-09-24 05:29:55
VmstC@ya.ru,READ,2024-09-24 15:24:05
hBlMoBuazD@mail.ru,DELETE,2024-09-24 07:14:01
lZJvGs@gmail.com,CREATE,2024-09-24 17:54:44
KhacfjIIfHlS@gmail.com,UPDATE,2024-09-24 01:17:57
vWRfOglEg@gmail.com,DELETE,2024-09-24 04:25:46
fJkhNDM@ya.ru,READ,2024-09-24 22:48:21
vWRfOglEg@gmail.com,READ,2024-09-24 16:42:34
lZJvGs@gmail.com,UPDATE,2024-09-24 19:37:10
hBlMoBuazD@mail.ru,UPDATE,2024-09-24 20:07:00
KhacfjIIfHlS@gmail.com,DELETE,2024-09-24 19:41:31
hBlMoBuazD@mail.ru,CREATE,2024-09-24 17:13:10
fJkhNDM@ya.ru,DELETE,2024-09-24 17:45:46
aIgOwmrvNDqq@gmail.com,CREATE,2024-09-24 08:23:48
CwKsa@ya.ru,CREATE,2024-09-24 21:10:28
vWRfOglEg@gmail.com,UPDATE,2024-09-24 21:15:47
hBlMoBuazD@mail.ru,UPDATE,2024-09-24 01:38:03
VmstC@ya.ru,DELETE,2024-09-24 16:22:22
lZJvGs@gmail.com,DELETE,2024-09-24 00:11:44
vWRfOglEg@gmail.com,READ,2024-09-24 09:17:04
aIgOwmrvNDqq@gmail.com,CREATE,2024-09-24 16:17:25
fJkhNDM@ya.ru,READ,2024-09-24 18:21:36
fJkhNDM@ya.ru,DELETE,2024-09-24 16:03:40
VmstC@ya.ru,CREATE,2024-09-24 09:20:39
CwKsa@ya.ru,READ,2024-09-24 22:35:31
erLXUOCjtZ@mail.ru,UPDATE,2024-09-24 10:37:33
erLXUOCjtZ@mail.ru,UPDATE,2024-09-24 07:39:06
CwKsa@ya.ru,DELETE,2024-09-24 11:56:23
vWRfOglEg@gmail.com,UPDATE,2024-09-24 15:10:17
aIgOwmrvNDqq@gmail.com,READ,2024-09-24 06:08:50
lZJvGs@gmail.com,UPDATE,2024-09-24 20:40:22
aIgOwmrvNDqq@gmail.com,READ,2024-09-24 13:49:57
fJkhNDM@ya.ru,DELETE,2024-09-24 03:13:27
erLXUOCjtZ@mail.ru,DELETE,2024-09-24 12:03:07
hBlMoBuazD@mail.ru,DELETE,2024-09-24 23:51:52
UEYQwuKSE@mail.ru,DELETE,2024-09-24 21:25:21
KhacfjIIfHlS@gmail.com,READ,2024-09-24 21:12:58
hBlMoBuazD@mail.ru,READ,2024-09-24 19:15:02
CwKsa@ya.ru,DELETE,2024-09-24 02:37:20
hBlMoBuazD@mail.ru,READ,2024-09-24 12:14:14
CwKsa@ya.ru,UPDATE,2024-09-24 18:59:30
lZJvGs@gmail.com,READ,2024-09-24 20:31:28
KhacfjIIfHlS@gmail.com,READ,2024-09-24 02:28:55
KhacfjIIfHlS@gmail.com,CREATE,2024-09-24 23:14:34
aIgOwmrvNDqq@gmail.com,DELETE,2024-09-24 04:26:38
KhacfjIIfHlS@gmail.com,UPDATE,2024-09-24 02:45:10
erLXUOCjtZ@mail.ru,CREATE,2024-09-24 23:25:32
UEYQwuKSE@mail.ru,READ,2024-09-24 01:13:26
VmstC@ya.ru,READ,2024-09-24 21:23:52
lZJvGs@gmail.com,CREATE,2024-09-24 08:43:02
CwKsa@ya.ru,CREATE,2024-09-24 22:39:54
CwKsa@ya.ru,CREATE,2024-09-24 14:43:56
vWRfOglEg@gmail.com,DELETE,2024-09-24 12:41:38
hBlMoBuazD@mail.ru,CREATE,2024-09-24 06:47:48
hBlMoBuazD@mail.ru,DELETE,2024-09-24 10:54:07
aIgOwmrvNDqq@gmail.com,DELETE,2024-09-24 01:13:33
VmstC@ya.ru,DELETE,2024-09-24 08:17:08
KhacfjIIfHlS@gmail.com,CREATE,2024-09-24 06:15:02
UEYQwuKSE@mail.ru,DELETE,2024-09-24 21:26:05
aIgOwmrvNDqq@gmail.com,READ,2024-09-24 11:22:13
vWRfOglEg@gmail.com,DELETE,2024-09-24 23:05:30
CwKsa@ya.ru,CREATE,2024-09-24 12:44:56
lZJvGs@gmail.com,READ,2024-09-24 16:20:30
CwKsa@ya.ru,CREATE,2024-09-24 20:14:07
aIgOwmrvNDqq@gmail.com,UPDATE,2024-09-24 18:33:40
vWRfOglEg@gmail.com,CREATE,2024-09-24 19:30:57
vWRfOglEg@gmail.com,READ,2024-09-24 07:52:37
vWRfOglEg@gmail.com,DELETE,2024-09-24 15:06:46
vWRfOglEg@gmail.com,DELETE,2024-09-24 10:17:43
vWRfOglEg@gmail.com,READ,2024-09-24 00:42:50
lZJvGs@gmail.com,CREATE,2024-09-24 18:52:06
UEYQwuKSE@mail.ru,UPDATE,2024-09-24 18:24:47
erLXUOCjtZ@mail.ru,UPDATE,2024-09-24 18:30:58
erLXUOCjtZ@mail.ru,DELETE,2024-09-24 05:14:27
VmstC@ya.ru,CREATE,2024-09-24 21:48:26
lZJvGs@gmail.com,READ,2024-09-24 04:45:32
erLXUOCjtZ@mail.ru,CREATE,2024-09-24 05:24:21
KhacfjIIfHlS@gmail.com,READ,2024-09-24 17:37:45
lZJvGs@gmail.com,DELETE,2024-09-24 00:51:13
aIgOwmrvNDqq@gmail.com,READ,2024-09-24 09:11:37
KhacfjIIfHlS@gmail.com,UPDATE,2024-09-24 07:25:23
aIgOwmrvNDqq@gmail.com,CREATE,2024-09-24 18:10:06
VmstC@ya.ru,UPDATE,2024-09-24 05:15:13
lZJvGs@gmail.com,DELETE,2024-09-24 17:20:33
KhacfjIIfHlS@gmail.com,UPDATE,2024-09-24 04:56:13
hBlMoBuazD@mail.ru,UPDATE,2024-09-24 20:15:21
erLXUOCjtZ@mail.ru,DELETE,2024-09-24 20:36:33
CwKsa@ya.ru,UPDATE,2024-09-24 15:45:11
UEYQwuKSE@mail.ru,CREATE,2024-09-24 02:16:04
UEYQwuKSE@mail.ru,DELETE,2024-09-24 11:06:15
erLXUOCjtZ@mail.ru,READ,2024-09-24 09:38:30
aIgOwmrvNDqq@gmail.com,CREATE,2024-09-24 21:59:58
erLXUOCjtZ@mail.ru,DELETE,2024-09-24 18:51:31
UEYQwuKSE@mail.ru,CREATE,2024-09-24 10:26:17
lZJvGs@gmail.com,CREATE,2024-09-24 14:11:42
hBlMoBuazD@mail.ru,DELETE,2024-09-24 23:54:19
fJkhNDM@ya.ru,CREATE,2024-09-24 08:02:16
fJkhNDM@ya.ru,DELETE,2024-09-24 14:20:58
aIgOwmrvNDqq@gmail.com,CREATE,2024-09-24 11:16:50
vWRfOglEg@gmail.com,UPDATE,2024-09-24 13:21:51
UEYQwuKSE@mail.ru,CREATE,2024-09-24 05:48:30
VmstC@ya.ru,READ,2024-09-24 21:57:36
erLXUOCjtZ@mail.ru,DELETE,2024-09-24 10:16:53
VmstC@ya.ru,CREATE,2024-09-24 19:40:54
lZJvGs@gmail.com,CREATE,2024-09-24 16:26:58
VmstC@ya.ru,DELETE,2024-09-24 21:06:28
lZJvGs@gmail.com,UPDATE,2024-09-24 06:54:03
fJkhNDM@ya.ru,UPDATE,2024-09-24 00:26:01
UEYQwuKSE@mail.ru,CREATE,2024-09-24 01:56:12
lZJvGs@gmail.com,DELETE,2024-09-24 21:20:10
UEYQwuKSE@mail.ru,UPDATE,2024-09-24 19:10:15
UEYQwuKSE@mail.ru,READ,2024-09-24 17:30:17
hBlMoBuazD@mail.ru,READ,2024-09-24 07:49:24
lZJvGs@gmail.com,CREATE,2024-09-24 00:15:41
KhacfjIIfHlS@gmail.com,UPDATE,2024-09-24 18:48:50
CwKsa@ya.ru,DELETE,2024-09-24 08:11:35
lZJvGs@gmail.com,DELETE,2024-09-24 20:05:21
vWRfOglEg@gmail.com,CREATE,2024-09-24 04:12:17
vWRfOglEg@gmail.com,DELETE,2024-09-24 00:02:31
VmstC@ya.ru,DELETE,2024-09-24 23:35:41
aIgOwmrvNDqq@gmail.com,READ,2024-09-24 05:55:59
erLXUOCjtZ@mail.ru,UPDATE,2024-09-24 05:41:31
KhacfjIIfHlS@gmail.com,DELETE,2024-09-24 09:39:21
lZJvGs@gmail.com,CREATE,2024-09-24 08:17:24
VmstC@ya.ru,DELETE,2024-09-24 04:17:07
vWRfOglEg@gmail.com,CREATE,2024-09-24 21:59:11
UEYQwuKSE@mail.ru,DELETE,2024-09-24 02:14:16
lZJvGs@gmail.com,UPDATE,2024-09-24 05:32:17
KhacfjIIfHlS@gmail.com,DELETE,2024-09-24 15:37:48
KhacfjIIfHlS@gmail.com,CREATE,2024-09-24 12:47:16
CwKsa@ya.ru,CREATE,2024-09-24 03:37:02
vWRfOglEg@gmail.com,READ,2024-09-24 05:42:54
UEYQwuKSE@mail.ru,READ,2024-09-24 09:48:31
aIgOwmrvNDqq@gmail.com,DELETE,2024-09-24 15:11:38
fJkhNDM@ya.ru,CREATE,2024-09-24 07:31:10
erLXUOCjtZ@mail.ru,DELETE,2024-09-24 20:53:03
aIgOwmrvNDqq@gmail.com,CREATE,2024-09-24 06:25:40
CwKsa@ya.ru,UPDATE,2024-09-24 08:49:58
aIgOwmrvNDqq@gmail.com,DELETE,2024-09-24 03:37:10
KhacfjIIfHlS@gmail.com,UPDATE,2024-09-24 19:05:41
lZJvGs@gmail.com,DELETE,2024-09-24 00:01:11
CwKsa@ya.ru,UPDATE,2024-09-24 17:41:22
vWRfOglEg@gmail.com,READ,2024-09-24 09:33:05
lZJvGs@gmail.com,DELETE,2024-09-24 20:14:12
VmstC@ya.ru,DELETE,2024-09-24 06:05:46
hBlMoBuazD@mail.ru,DELETE,2024-09-24 07:13:37
fJkhNDM@ya.ru,DELETE,2024-09-24 11:13:10
vWRfOglEg@gmail.com,UPDATE,2024-09-24 14:49:46
aIgOwmrvNDqq@gmail.com,CREATE,2024-09-24 18:37:12
hBlMoBuazD@mail.ru,UPDATE,2024-09-24 18:34:39
vWRfOglEg@gmail.com,UPDATE,2024-09-24 07:46:20
CwKsa@ya.ru,CREATE,2024-09-24 12:12:28
fJkhNDM@ya.ru,DELETE,2024-09-24 08:37:21
fJkhNDM@ya.ru,DELETE,2024-09-24 04:01:11
VmstC@ya.ru,UPDATE,2024-09-24 02:21:47
fJkhNDM@ya.ru,DELETE,2024-09-24 19:06:01
CwKsa@ya.ru,CREATE,2024-09-24 14:14:05
fJkhNDM@ya.ru,UPDATE,2024-09-24 12:53:55
hBlMoBuazD@mail.ru,DELETE,2024-09-24 07:35:52
erLXUOCjtZ@mail.ru,READ,2024-09-24 13:53:26
CwKsa@ya.ru,READ,2024-09-24 07:43:09
hBlMoBuazD@mail.ru,DELETE,2024-09-24 19:44:05
erLXUOCjtZ@mail.ru,READ,2024-09-24 01:27:45
fJkhNDM@ya.ru,CREATE,2024-09-24 04:53:42
UEYQwuKSE@mail.ru,UPDATE,2024-09-24 20:15:24
hBlMoBuazD@mail.ru,CREATE,2024-09-24 17:57:00
UEYQwuKSE@mail.ru,DELETE,2024-09-24 03:24:44
aIgOwmrvNDqq@gmail.com,DELETE,2024-09-24 14:17:54
hBlMoBuazD@mail.ru,CREATE,2024-09-24 16:53:40
CwKsa@ya.ru,CREATE,2024-09-24 01:09:24
CwKsa@ya.ru,CREATE,2024-09-24 10:56:53
fJkhNDM@ya.ru,READ,2024-09-24 14:00:24
VmstC@ya.ru,CREATE,2024-09-24 19:02:49
vWRfOglEg@gmail.com,DELETE,2024-09-24 22:46:50
VmstC@ya.ru,READ,2024-09-24 13:15:31
vWRfOglEg@gmail.com,DELETE,2024-09-24 00:39:49
hBlMoBuazD@mail.ru,UPDATE,2024-09-24 14:58:46
hBlMoBuazD@mail.ru,CREATE,2024-09-24 16:40:16
fJkhNDM@ya.ru,UPDATE,2024-09-24 18:01:03
KhacfjIIfHlS@gmail.com,READ,2024-09-24 02:47:38
lZJvGs@gmail.com,DELETE,2024-09-24 20:25:47
CwKsa@ya.ru,DELETE,2024-09-24 20:40:10
aIgOwmrvNDqq@gmail.com,DELETE,2024-09-24 04:25:33
erLXUOCjtZ@mail.ru,READ,2024-09-24 18:59:03
fJkhNDM@ya.ru,UPDATE,2024-09-24 23:17:09
KhacfjIIfHlS@gmail.com,READ,2024-09-24 22:17:19
hBlMoBuazD@mail.ru,CREATE,2024-09-24 00:56:46
hBlMoBuazD@mail.ru,READ,2024-09-24 22:53:36
erLXUOCjtZ@mail.ru,READ,2024-09-24 15:17:17
hBlMoBuazD@mail.ru,UPDATE,2024-09-24 07:47:07
aIgOwmrvNDqq@gmail.com,DELETE,2024-09-24 11:30:34
KhacfjIIfHlS@gmail.com,DELETE,2024-09-24 14:53:27
vWRfOglEg@gmail.com,DELETE,2024-09-24 04:46:30
VmstC@ya.ru,READ,2024-09-24 12:38:08
lZJvGs@gmail.com,READ,2024-09-24 10:10:40
erLXUOCjtZ@mail.ru,CREATE,2024-09-24 22:17:51
fJkhNDM@ya.ru,UPDATE,2024-09-24 08:06:27
CwKsa@ya.ru,DELETE,2024-09-24 01:22:45
CwKsa@ya.ru,DELETE,2024-09-24 03:13:33
UEYQwuKSE@mail.ru,DELETE,2024-09-24 06:15:37
VmstC@ya.ru,DELETE,2024-09-24 08:58:35
hBlMoBuazD@mail.ru,DELETE,2024-09-24 22:52:24
lZJvGs@gmail.com,DELETE,2024-09-24 00:59:36
UEYQwuKSE@mail.ru,UPDATE,2024-09-24 01:38:36
CwKsa@ya.ru,CREATE,2024-09-24 11:14:35
erLXUOCjtZ@mail.ru,DELETE,2024-09-24 09:40:36
KhacfjIIfHlS@gmail.com,CREATE,2024-09-24 14:04:04
lZJvGs@gmail.com,DELETE,2024-09-24 18:16:19
aIgOwmrvNDqq@gmail.com,DELETE,2024-09-24 01:21:29
lZJvGs@gmail.com,UPDATE,2024-09-24 01:14:10
KhacfjIIfHlS@gmail.com,DELETE,2024-09-24 18:03:53
hBlMoBuazD@mail.ru,DELETE,2024-09-24 23:28:11
KhacfjIIfHlS@gmail.com,READ,2024-09-24 13:57:57
hBlMoBuazD@mail.ru,CREATE,2024-09-24 22:41:28
aIgOwmrvNDqq@gmail.com,CREATE,2024-09-24 17:38:30
UEYQwuKSE@mail.ru,DELETE,2024-09-24 23:31:48
UEYQwuKSE@mail.ru,UPDATE,2024-09-24 11:15:51
UEYQwuKSE@mail.ru,DELETE,2024-09-24 20:33:07
VmstC@ya.ru,UPDATE,2024-09-24 10:04:34
lZJvGs@gmail.com,CREATE,2024-09-24 18:49:45
fJkhNDM@ya.ru,DELETE,2024-09-24 20:07:35
vWRfOglEg@gmail.com,DELETE,2024-09-24 15:11:29
vWRfOglEg@gmail.com,CREATE,2024-09-24 16:42:43
fJkhNDM@ya.ru,UPDATE,2024-09-24 07:47:15
KhacfjIIfHlS@gmail.com,DELETE,2024-09-24 04:29:01
fJkhNDM@ya.ru,READ,2024-09-24 12:51:54
hBlMoBuazD@mail.ru,READ,2024-09-24 03:38:22
hBlMoBuazD@mail.ru,DELETE,2024-09-24 02:18:11
vWRfOglEg@gmail.com,DELETE,2024-09-24 14:21:26
UEYQwuKSE@mail.ru,DELETE,2024-09-24 13:19:41
lZJvGs@gmail.com,READ,2024-09-24 17:31:50
vWRfOglEg@gmail.com,DELETE,2024-09-24 19:38:15
lZJvGs@gmail.com,DELETE,2024-09-24 22:14:13
vWRfOglEg@gmail.com,UPDATE,2024-09-24 09:25:34
KhacfjIIfHlS@gmail.com,CREATE,2024-09-24 02:32:38
hBlMoBuazD@mail.ru,CREATE,2024-09-24 00:16:19
hBlMoBuazD@mail.ru,DELETE,2024-09-24 09:24:24
lZJvGs@gmail.com,DELETE,2024-09-24 09:00:33
UEYQwuKSE@mail.ru,READ,2024-09-24 14:10:38
KhacfjIIfHlS@gmail.com,DELETE,2024-09-24 12:39:32
erLXUOCjtZ@mail.ru,READ,2024-09-24 05:25:56
VmstC@ya.ru,UPDATE,2024-09-24 18:27:34
vWRfOglEg@gmail.com,READ,2024-09-24 02:29:12
vWRfOglEg@gmail.com,UPDATE,2024-09-24 14:32:38
CwKsa@ya.ru,CREATE,2024-09-24 16:07:16
CwKsa@ya.ru,READ,2024-09-24 04:03:25
fJkhNDM@ya.ru,DELETE,2024-09-24 21:57:11
hBlMoBuazD@mail.ru,READ,2024-09-24 07:37:32
KhacfjIIfHlS@gmail.com,DELETE,2024-09-24 13:33:40
fJkhNDM@ya.ru,UPDATE,2024-09-24 07:02:46
VmstC@ya.ru,UPDATE,2024-09-24 12:24:04
hBlMoBuazD@mail.ru,DELETE,2024-09-24 02:19:39
erLXUOCjtZ@mail.ru,DELETE,2024-09-24 11:47:52
hBlMoBuazD@mail.ru,DELETE,2024-09-24 06:49:25
KhacfjIIfHlS@gmail.com,UPDATE,2024-09-24 05:18:46
fJkhNDM@ya.ru,READ,2024-09-24 02:44:10
CwKsa@ya.ru,READ,2024-09-24 10:18:37
UEYQwuKSE@mail.ru,READ,2024-09-24 04:16:01
fJkhNDM@ya.ru,CREATE,2024-09-24 11:54:03
UEYQwuKSE@mail.ru,READ,2024-09-24 16:58:03
aIgOwmrvNDqq@gmail.com,CREATE,2024-09-24 03:45:35
hBlMoBuazD@mail.ru,READ,2024-09-24 21:12:11
vWRfOglEg@gmail.com,DELETE,2024-09-24 05:12:11
UEYQwuKSE@mail.ru,CREATE,2024-09-24 09:51:25
vWRfOglEg@gmail.com,READ,2024-09-24 01:13:18
CwKsa@ya.ru,READ,2024-09-24 09:55:44
KhacfjIIfHlS@gmail.com,READ,2024-09-24 09:58:11
CwKsa@ya.ru,READ,2024-09-24 03:15:46
CwKsa@ya.ru,CREATE,2024-09-24 03:38:25
lZJvGs@gmail.com,CREATE,2024-09-24 09:15:12
hBlMoBuazD@mail.ru,CREATE,2024-09-24 18:27:53
aIgOwmrvNDqq@gmail.com,UPDATE,2024-09-24 05:13:22
lZJvGs@gmail.com,READ,2024-09-24 06:37:06
KhacfjIIfHlS@gmail.com,UPDATE,2024-09-24 12:12:49
VmstC@ya.ru,UPDATE,2024-09-24 14:33:09
fJkhNDM@ya.ru,UPDATE,2024-09-24 17:55:47
vWRfOglEg@gmail.com,DELETE,2024-09-24 08:22:40
vWRfOglEg@gmail.com,READ,2024-09-24 05:43:49
fJkhNDM@ya.ru,UPDATE,2024-09-24 00:35:02
lZJvGs@gmail.com,UPDATE,2024-09-24 00:01:55
vWRfOglEg@gmail.com,UPDATE,2024-09-24 06:27:54
erLXUOCjtZ@mail.ru,READ,2024-09-24 10:39:51
erLXUOCjtZ@mail.ru,UPDATE,2024-09-24 17:25:14
hBlMoBuazD@mail.ru,UPDATE,2024-09-24 00:58:30
UEYQwuKSE@mail.ru,READ,2024-09-24 11:40:34
fJkhNDM@ya.ru,READ,2024-09-24 01:41:02
hBlMoBuazD@mail.ru,DELETE,2024-09-24 16:38:53
CwKsa@ya.ru,READ,2024-09-24 20:00:47
fJkhNDM@ya.ru,DELETE,2024-09-24 05:36:46
lZJvGs@gmail.com,CREATE,2024-09-24 11:09:33
vWRfOglEg@gmail.com,CREATE,2024-09-24 22:35:45
hBlMoBuazD@mail.ru,DELETE,2024-09-24 06:59:17
KhacfjIIfHlS@gmail.com,DELETE,2024-09-24 17:08:47
VmstC@ya.ru,UPDATE,2024-09-24 12:32:53
KhacfjIIfHlS@gmail.com,UPDATE,2024-09-24 07:19:04
VmstC@ya.ru,UPDATE,2024-09-24 15:10:13
vWRfOglEg@gmail.com,CREATE,2024-09-24 08:41:43
aIgOwmrvNDqq@gmail.com,UPDATE,2024-09-24 21:21:03
lZJvGs@gmail.com,CREATE,2024-09-24 16:47:53
hBlMoBuazD@mail.ru,UPDATE,2024-09-24 09:31:02
vWRfOglEg@gmail.com,READ,2024-09-24 19:05:27
VmstC@ya.ru,UPDATE,2024-09-24 20:40:49
VmstC@ya.ru,DELETE,2024-09-24 04:38:41
hBlMoBuazD@mail.ru,READ,2024-09-24 07:11:40
hBlMoBuazD@mail.ru,UPDATE,2024-09-24 21:26:30
UEYQwuKSE@mail.ru,DELETE,2024-09-24 12:45:04
hBlMoBuazD@mail.ru,DELETE,2024-09-24 01:15:55
fJkhNDM@ya.ru,READ,2024-09-24 17:08:59
vWRfOglEg@gmail.com,UPDATE,2024-09-24 05:35:07
fJkhNDM@ya.ru,CREATE,2024-09-24 07:01:13
lZJvGs@gmail.com,READ,2024-09-24 00:29:57
erLXUOCjtZ@mail.ru,UPDATE,2024-09-24 15:54:19
VmstC@ya.ru,UPDATE,2024-09-24 22:55:53
aIgOwmrvNDqq@gmail.com,READ,2024-09-24 15:36:36
fJkhNDM@ya.ru,DELETE,2024-09-24 22:48:23
KhacfjIIfHlS@gmail.com,UPDATE,2024-09-24 21:56:00
KhacfjIIfHlS@gmail.com,UPDATE,2024-09-24 15:17:57
lZJvGs@gmail.com,DELETE,2024-09-24 09:41:29
aIgOwmrvNDqq@gmail.com,CREATE,2024-09-24 09:45:03
VmstC@ya.ru,UPDATE,2024-09-24 11:33:13
vWRfOglEg@gmail.com,CREATE,2024-09-24 06:11:24
erLXUOCjtZ@mail.ru,CREATE,2024-09-24 11:23:50
fJkhNDM@ya.ru,DELETE,2024-09-24 19:14:17
erLXUOCjtZ@mail.ru,DELETE,2024-09-24 13:09:47
KhacfjIIfHlS@gmail.com,DELETE,2024-09-24 15:11:52
KhacfjIIfHlS@gmail.com,UPDATE,2024-09-24 05:00:02
UEYQwuKSE@mail.ru,DELETE,2024-09-24 16:58:04
lZJvGs@gmail.com,UPDATE,2024-09-24 11:09:25
VmstC@ya.ru,DELETE,2024-09-24 15:44:41
fJkhNDM@ya.ru,DELETE,2024-09-24 08:14:57
vWRfOglEg@gmail.com,CREATE,2024-09-24 01:38:59
CwKsa@ya.ru,READ,2024-09-24 13:44:14
UEYQwuKSE@mail.ru,UPDATE,2024-09-24 14:24:45
CwKsa@ya.ru,CREATE,2024-09-24 14:06:41
KhacfjIIfHlS@gmail.com,READ,2024-09-24 16:19:37
UEYQwuKSE@mail.ru,READ,2024-09-24 14:19:30
KhacfjIIfHlS@gmail.com,DELETE,2024-09-24 18:33:19
UEYQwuKSE@mail.ru,CREATE,2024-09-24 12:48:13
fJkhNDM@ya.ru,READ,2024-09-24 08:50:08
lZJvGs@gmail.com,CREATE,2024-09-24 17:58:30
UEYQwuKSE@mail.ru,READ,2024-09-24 11:06:54
vWRfOglEg@gmail.com,UPDATE,2024-09-24 05:44:03
KhacfjIIfHlS@gmail.com,UPDATE,2024-09-24 23:11:42
vWRfOglEg@gmail.com,DELETE,2024-09-24 11:50:15
vWRfOglEg@gmail.com,DELETE,2024-09-24 06:49:44
VmstC@ya.ru,READ,2024-09-24 10:49:59
erLXUOCjtZ@mail.ru,CREATE,2024-09-24 03:17:29
CwKsa@ya.ru,UPDATE,2024-09-24 04:28:34
erLXUOCjtZ@mail.ru,READ,2024-09-24 13:29:26
lZJvGs@gmail.com,UPDATE,2024-09-24 03:45:04
CwKsa@ya.ru,CREATE,2024-09-24 22:44:32
KhacfjIIfHlS@gmail.com,UPDATE,2024-09-24 09:20:47
lZJvGs@gmail.com,CREATE,2024-09-24 09:44:52
UEYQwuKSE@mail.ru,DELETE,2024-09-24 21:47:04
vWRfOglEg@gmail.com,CREATE,2024-09-24 19:29:25
VmstC@ya.ru,CREATE,2024-09-24 18:57:57
hBlMoBuazD@mail.ru,READ,2024-09-24 18:25:45
hBlMoBuazD@mail.ru,READ,2024-09-24 06:55:49
lZJvGs@gmail.com,CREATE,2024-09-24 12:21:44
hBlMoBuazD@mail.ru,DELETE,2024-09-24 22:00:19
KhacfjIIfHlS@gmail.com,UPDATE,2024-09-24 15:47:23
VmstC@ya.ru,DELETE,2024-09-24 12:08:15
UEYQwuKSE@mail.ru,UPDATE,2024-09-24 20:23:37
hBlMoBuazD@mail.ru,READ,2024-09-24 18:52:55
vWRfOglEg@gmail.com,CREATE,2024-09-24 14:51:01
aIgOwmrvNDqq@gmail.com,CREATE,2024-09-24 19:45:22
fJkhNDM@ya.ru,UPDATE,2024-09-24 06:43:47
aIgOwmrvNDqq@gmail.com,DELETE,2024-09-24 12:43:42
lZJvGs@gmail.com,CREATE,2024-09-24 13:18:37
erLXUOCjtZ@mail.ru,DELETE,2024-09-24 12:31:54
UEYQwuKSE@mail.ru,CREATE,2024-09-24 21:06:42
erLXUOCjtZ@mail.ru,UPDATE,2024-09-24 08:03:02
hBlMoBuazD@mail.ru,CREATE,2024-09-24 08:27:33
CwKsa@ya.ru,CREATE,2024-09-24 12:31:11
fJkhNDM@ya.ru,CREATE,2024-09-24 13:24:48
lZJvGs@gmail.com,READ,2024-09-24 10:11:49
hBlMoBuazD@mail.ru,UPDATE,2024-09-24 19:38:44
erLXUOCjtZ@mail.ru,READ,2024-09-24 17:15:06
fJkhNDM@ya.ru,DELETE,2024-09-24 20:28:49
erLXUOCjtZ@mail.ru,CREATE,2024-09-24 22:23:57
VmstC@ya.ru,UPDATE,2024-09-24 12:42:50
erLXUOCjtZ@mail.ru,UPDATE,2024-09-24 10:16:57
hBlMoBuazD@mail.ru,READ,2024-09-24 19:31:23
erLXUOCjtZ@mail.ru,CREATE,2024-09-24 14:48:34
erLXUOCjtZ@mail.ru,UPDATE,2024-09-24 01:07:03
fJkhNDM@ya.ru,DELETE,2024-09-24 22:11:55
aIgOwmrvNDqq@gmail.com,CREATE,2024-09-24 18:08:09
KhacfjIIfHlS@gmail.com,READ,2024-09-24 05:34:22
vWRfOglEg@gmail.com,CREATE,2024-09-24 12:01:37
CwKsa@ya.ru,UPDATE,2024-09-24 22:42:08
erLXUOCjtZ@mail.ru,CREATE,2024-09-24 20:04:50
VmstC@ya.ru,READ,2024-09-24 05:24:21
vWRfOglEg@gmail.com,CREATE,2024-09-24 13:34:52
CwKsa@ya.ru,READ,2024-09-24 20:37:18
aIgOwmrvNDqq@gmail.com,CREATE,2024-09-24 19:34:19
fJkhNDM@ya.ru,READ,2024-09-24 04:02:04
UEYQwuKSE@mail.ru,CREATE,2024-09-24 18:04:55
hBlMoBuazD@mail.ru,DELETE,2024-09-24 21:22:56
lZJvGs@gmail.com,CREATE,2024-09-24 20:33:30
vWRfOglEg@gmail.com,DELETE,2024-09-24 17:20:45
erLXUOCjtZ@mail.ru,DELETE,2024-09-24 23:51:55
vWRfOglEg@gmail.com,UPDATE,2024-09-24 03:15:42
UEYQwuKSE@mail.ru,CREATE,2024-09-24 08:14:23
KhacfjIIfHlS@gmail.com,CREATE,2024-09-24 14:34:46
hBlMoBuazD@mail.ru,READ,2024-09-24 07:55:27
vWRfOglEg@gmail.com,CREATE,2024-09-24 07:40:48
vWRfOglEg@gmail.com,CREATE,2024-09-24 19:21:24
aIgOwmrvNDqq@gmail.com,CREATE,2024-09-24 01:30:54
VmstC@ya.ru,READ,2024-09-24 06:22:18
fJkhNDM@ya.ru,READ,2024-09-24 01:49:49
hBlMoBuazD@mail.ru,DELETE,2024-09-24 10:22:23
vWRfOglEg@gmail.com,READ,2024-09-24 20:45:36
aIgOwmrvNDqq@gmail.com,CREATE,2024-09-24 10:00:34
erLXUOCjtZ@mail.ru,READ,2024-09-24 16:12:13
hBlMoBuazD@mail.ru,CREATE,2024-09-24 13:22:47
aIgOwmrvNDqq@gmail.com,READ,2024-09-24 19:09:55
CwKsa@ya.ru,READ,2024-09-24 20:26:30
aIgOwmrvNDqq@gmail.com,READ,2024-09-24 08:44:11
VmstC@ya.ru,READ,2024-09-24 17:51:12
lZJvGs@gmail.com,READ,2024-09-24 16:04:30
aIgOwmrvNDqq@gmail.com,DELETE,2024-09-24 07:01:50
erLXUOCjtZ@mail.ru,CREATE,2024-09-24 15:10:48
lZJvGs@gmail.com,DELETE,2024-09-24 21:55:16
erLXUOCjtZ@mail.ru,CREATE,2024-09-24 12:06:53
aIgOwmrvNDqq@gmail.com,READ,2024-09-24 10:28:57
erLXUOCjtZ@mail.ru,UPDATE,2024-09-24 19:51:21
UEYQwuKSE@mail.ru,READ,2024-09-24 16:42:11
lZJvGs@gmail.com,UPDATE,2024-09-24 17:12:10
vWRfOglEg@gmail.com,DELETE,2024-09-24 03:59:58
fJkhNDM@ya.ru,DELETE,2024-09-24 03:25:28
VmstC@ya.ru,UPDATE,2024-09-24 16:27:19
fJkhNDM@ya.ru,READ,2024-09-24 07:46:37
erLXUOCjtZ@mail.ru,CREATE,2024-09-24 03:23:17
VmstC@ya.ru,READ,2024-09-24 03:30:41
KhacfjIIfHlS@gmail.com,READ,2024-09-24 04:44:19
lZJvGs@gmail.com,CREATE,2024-09-24 18:02:03
fJkhNDM@ya.ru,UPDATE,2024-09-24 03:10:54
KhacfjIIfHlS@gmail.com,DELETE,2024-09-24 17:39:53
hBlMoBuazD@mail.ru,UPDATE,2024-09-24 20:48:22
UEYQwuKSE@mail.ru,DELETE,2024-09-24 10:30:59
aIgOwmrvNDqq@gmail.com,CREATE,2024-09-24 06:12:34
vWRfOglEg@gmail.com,UPDATE,2024-09-24 13:45:36
hBlMoBuazD@mail.ru,READ,2024-09-24 13:20:42
hBlMoBuazD@mail.ru,READ,2024-09-24 09:11:59
fJkhNDM@ya.ru,CREATE,2024-09-24 07:56:37
CwKsa@ya.ru,UPDATE,2024-09-24 10:41:31
aIgOwmrvNDqq@gmail.com,UPDATE,2024-09-24 05:54:20
KhacfjIIfHlS@gmail.com,READ,2024-09-24 09:45:56
hBlMoBuazD@mail.ru,DELETE,2024-09-24 06:08:31
vWRfOglEg@gmail.com,UPDATE,2024-09-24 17:20:57
lZJvGs@gmail.com,UPDATE,2024-09-24 19:50:45
aIgOwmrvNDqq@gmail.com,DELETE,2024-09-24 09:49:43
VmstC@ya.ru,CREATE,2024-09-24 18:03:32
KhacfjIIfHlS@gmail.com,DELETE,2024-09-24 10:30:43
KhacfjIIfHlS@gmail.com,CREATE,2024-09-24 19:36:54
vWRfOglEg@gmail.com,CREATE,2024-09-24 06:21:11
vWRfOglEg@gmail.com,READ,2024-09-24 21:00:08
KhacfjIIfHlS@gmail.com,DELETE,2024-09-24 04:44:12
UEYQwuKSE@mail.ru,CREATE,2024-09-24 11:53:54
KhacfjIIfHlS@gmail.com,READ,2024-09-24 03:25:58
lZJvGs@gmail.com,DELETE,2024-09-24 00:04:58
hBlMoBuazD@mail.ru,UPDATE,2024-09-24 04:46:53
fJkhNDM@ya.ru,UPDATE,2024-09-24 21:59:22
vWRfOglEg@gmail.com,DELETE,2024-09-24 17:21:26
aIgOwmrvNDqq@gmail.com,UPDATE,2024-09-24 16:44:00
lZJvGs@gmail.com,CREATE,2024-09-24 22:05:55
UEYQwuKSE@mail.ru,DELETE,2024-09-24 16:29:30
VmstC@ya.ru,READ,2024-09-24 01:51:28
KhacfjIIfHlS@gmail.com,CREATE,2024-09-24 20:56:39
vWRfOglEg@gmail.com,CREATE,2024-09-24 06:06:10
CwKsa@ya.ru,CREATE,2024-09-24 05:28:26
aIgOwmrvNDqq@gmail.com,CREATE,2024-09-24 02:07:19
KhacfjIIfHlS@gmail.com,CREATE,2024-09-24 03:10:55
erLXUOCjtZ@mail.ru,CREATE,2024-09-24 02:17:28
vWRfOglEg@gmail.com,DELETE,2024-09-24 03:46:04
hBlMoBuazD@mail.ru,CREATE,2024-09-24 14:12:07
vWRfOglEg@gmail.com,CREATE,2024-09-24 10:09:07
aIgOwmrvNDqq@gmail.com,DELETE,2024-09-24 15:24:42
erLXUOCjtZ@mail.ru,DELETE,2024-09-24 00:42:54
lZJvGs@gmail.com,CREATE,2024-09-24 14:21:58
VmstC@ya.ru,CREATE,2024-09-24 21:12:37
lZJvGs@gmail.com,READ,2024-09-24 15:49:43
fJkhNDM@ya.ru,UPDATE,2024-09-24 03:33:24
hBlMoBuazD@mail.ru,UPDATE,2024-09-24 00:24:28
fJkhNDM@ya.ru,READ,2024-09-24 15:54:05
vWRfOglEg@gmail.com,CREATE,2024-09-24 23:25:56
KhacfjIIfHlS@gmail.com,UPDATE,2024-09-24 04:44:27
lZJvGs@gmail.com,CREATE,2024-09-24 05:01:34
hBlMoBuazD@mail.ru,UPDATE,2024-09-24 15:40:36
CwKsa@ya.ru,UPDATE,2024-09-24 14:18:22
hBlMoBuazD@mail.ru,UPDATE,2024-09-24 11:28:20
hBlMoBuazD@mail.ru,DELETE,2024-09-24 15:24:11
CwKsa@ya.ru,CREATE,2024-09-24 05:35:56
lZJvGs@gmail.com,UPDATE,2024-09-24 13:46:30
VmstC@ya.ru,READ,2024-09-24 11:31:22
KhacfjIIfHlS@gmail.com,READ,2024-09-24 00:37:47
hBlMoBuazD@mail.ru,CREATE,2024-09-24 12:28:00
VmstC@ya.ru,DELETE,2024-09-24 09:57:19
hBlMoBuazD@mail.ru,READ,2024-09-24 02:19:40
CwKsa@ya.ru,UPDATE,2024-09-24 14:48:09
KhacfjIIfHlS@gmail.com,READ,2024-09-24 15:02:03
erLXUOCjtZ@mail.ru,UPDATE,2024-09-24 19:00:11
VmstC@ya.ru,UPDATE,2024-09-24 00:03:48
hBlMoBuazD@mail.ru,READ,2024-09-24 03:43:54
fJkhNDM@ya.ru,DELETE,2024-09-24 17:02:01
lZJvGs@gmail.com,DELETE,2024-09-24 21:20:27
lZJvGs@gmail.com,READ,2024-09-24 22:37:35
VmstC@ya.ru,READ,2024-09-24 10:11:23
VmstC@ya.ru,CREATE,2024-09-24 17:22:24
VmstC@ya.ru,CREATE,2024-09-24 19:57:43
KhacfjIIfHlS@gmail.com,CREATE,2024-09-24 20:54:32
UEYQwuKSE@mail.ru,UPDATE,2024-09-24 21:24:01
erLXUOCjtZ@mail.ru,UPDATE,2024-09-24 15:00:52
VmstC@ya.ru,READ,2024-09-24 18:03:49
KhacfjIIfHlS@gmail.com,UPDATE,2024-09-24 01:12:24
erLXUOCjtZ@mail.ru,DELETE,2024-09-24 17:50:10
vWRfOglEg@gmail.com,DELETE,2024-09-24 19:30:49
hBlMoBuazD@mail.ru,UPDATE,2024-09-24 13:29:32
lZJvGs@gmail.com,UPDATE,2024-09-24 23:47:52
erLXUOCjtZ@mail.ru,CREATE,2024-09-24 23:07:21
UEYQwuKSE@mail.ru,CREATE,2024-09-24 08:33:38
UEYQwuKSE@mail.ru,READ,2024-09-24 14:40:20
aIgOwmrvNDqq@gmail.com,UPDATE,2024-09-24 08:00:20
vWRfOglEg@gmail.com,UPDATE,2024-09-24 04:32:49
vWRfOglEg@gmail.com,UPDATE,2024-09-24 22:50:00
erLXUOCjtZ@mail.ru,CREATE,2024-09-24 07:22:27
aIgOwmrvNDqq@gmail.com,CREATE,2024-09-24 13:07:34
aIgOwmrvNDqq@gmail.com,DELETE,2024-09-24 09:11:02
vWRfOglEg@gmail.com,READ,2024-09-24 13:48:59
vWRfOglEg@gmail.com,DELETE,2024-09-24 06:21:24
erLXUOCjtZ@mail.ru,DELETE,2024-09-24 11:21:09
KhacfjIIfHlS@gmail.com,CREATE,2024-09-24 02:29:41
hBlMoBuazD@mail.ru,READ,2024-09-24 20:44:32
vWRfOglEg@gmail.com,UPDATE,2024-09-24 01:35:46
KhacfjIIfHlS@gmail.com,READ,2024-09-24 11:14:47
aIgOwmrvNDqq@gmail.com,UPDATE,2024-09-24 06:10:17
UEYQwuKSE@mail.ru,CREATE,2024-09-24 21:43:41
fJkhNDM@ya.ru,DELETE,2024-09-24 06:18:51
CwKsa@ya.ru,DELETE,2024-09-24 13:07:29
erLXUOCjtZ@mail.ru,UPDATE,2024-09-24 19:32:33
UEYQwuKSE@mail.ru,UPDATE,2024-09-24 05:04:16
hBlMoBuazD@mail.ru,READ,2024-09-24 01:01:58
CwKsa@ya.ru,CREATE,2024-09-24 20:08:01
aIgOwmrvNDqq@gmail.com,UPDATE,2024-09-24 10:19:07
KhacfjIIfHlS@gmail.com,DELETE,2024-09-24 12:11:57
erLXUOCjtZ@mail.ru,READ,2024-09-24 17:04:42
UEYQwuKSE@mail.ru,CREATE,2024-09-24 15:01:03
erLXUOCjtZ@mail.ru,DELETE,2024-09-24 12:28:12
erLXUOCjtZ@mail.ru,CREATE,2024-09-24 16:34:48
fJkhNDM@ya.ru,READ,2024-09-24 02:25:41
CwKsa@ya.ru,DELETE,2024-09-24 09:16:55
KhacfjIIfHlS@gmail.com,UPDATE,2024-09-24 09:19:40
hBlMoBuazD@mail.ru,UPDATE,2024-09-24 01:18:28
lZJvGs@gmail.com,DELETE,2024-09-24 07:09:06
lZJvGs@gmail.com,CREATE,2024-09-24 09:28:51
vWRfOglEg@gmail.com,DELETE,2024-09-24 22:19:17
hBlMoBuazD@mail.ru,UPDATE,2024-09-24 21:44:37
hBlMoBuazD@mail.ru,CREATE,2024-09-24 15:34:56
CwKsa@ya.ru,CREATE,2024-09-24 05:57:29
VmstC@ya.ru,UPDATE,2024-09-24 03:33:01
VmstC@ya.ru,CREATE,2024-09-24 14:24:53
VmstC@ya.ru,CREATE,2024-09-24 16:41:03
KhacfjIIfHlS@gmail.com,CREATE,2024-09-24 01:29:31
erLXUOCjtZ@mail.ru,DELETE,2024-09-24 07:14:53
erLXUOCjtZ@mail.ru,READ,2024-09-24 10:40:51
UEYQwuKSE@mail.ru,CREATE,2024-09-24 10:21:00
vWRfOglEg@gmail.com,UPDATE,2024-09-24 04:09:00
UEYQwuKSE@mail.ru,READ,2024-09-24 14:30:36
fJkhNDM@ya.ru,READ,2024-09-24 00:04:15
vWRfOglEg@gmail.com,DELETE,2024-09-24 21:12:34
UEYQwuKSE@mail.ru,DELETE,2024-09-24 07:31:33
vWRfOglEg@gmail.com,DELETE,2024-09-24 23:54:23
CwKsa@ya.ru,CREATE,2024-09-24 14:44:30
vWRfOglEg@gmail.com,READ,2024-09-24 07:05:44
CwKsa@ya.ru,READ,2024-09-24 04:50:27
hBlMoBuazD@mail.ru,CREATE,2024-09-24 12:57:02
UEYQwuKSE@mail.ru,DELETE,2024-09-24 17:06:03
UEYQwuKSE@mail.ru,CREATE,2024-09-24 19:24:18
erLXUOCjtZ@mail.ru,UPDATE,2024-09-24 09:06:06
hBlMoBuazD@mail.ru,UPDATE,2024-09-24 15:08:20
CwKsa@ya.ru,UPDATE,2024-09-24 07:58:34
erLXUOCjtZ@mail.ru,DELETE,2024-09-24 05:13:49
vWRfOglEg@gmail.com,UPDATE,2024-09-24 11:22:30
CwKsa@ya.ru,CREATE,2024-09-24 08:25:40
KhacfjIIfHlS@gmail.com,CREATE,2024-09-24 07:06:05
UEYQwuKSE@mail.ru,CREATE,2024-09-24 18:43:45
vWRfOglEg@gmail.com,READ,2024-09-24 10:58:17
fJkhNDM@ya.ru,UPDATE,2024-09-24 20:27:34
CwKsa@ya.ru,READ,2024-09-24 05:44:21
vWRfOglEg@gmail.com,READ,2024-09-24 05:01:06
hBlMoBuazD@mail.ru,DELETE,2024-09-24 16:21:48
UEYQwuKSE@mail.ru,CREATE,2024-09-24 22:23:44
erLXUOCjtZ@mail.ru,DELETE,2024-09-24 18:48:52
UEYQwuKSE@mail.ru,READ,2024-09-24 09:47:28
fJkhNDM@ya.ru,DELETE,2024-09-24 21:55:20
vWRfOglEg@gmail.com,READ,2024-09-24 14:58:17
lZJvGs@gmail.com,CREATE,2024-09-24 15:10:24
CwKsa@ya.ru,READ,2024-09-24 11:02:03
UEYQwuKSE@mail.ru,READ,2024-09-24 06:49:49
hBlMoBuazD@mail.ru,CREATE,2024-09-24 01:32:01
VmstC@ya.ru,UPDATE,2024-09-24 01:21:12
CwKsa@ya.ru,READ,2024-09-24 11:59:52
CwKsa@ya.ru,CREATE,2024-09-24 11:14:49
vWRfOglEg@gmail.com,READ,2024-09-24 14:26:55
hBlMoBuazD@mail.ru,CREATE,2024-09-24 14:28:40
KhacfjIIfHlS@gmail.com,CREATE,2024-09-24 06:09:56
vWRfOglEg@gmail.com,CREATE,2024-09-24 17:51:56
KhacfjIIfHlS@gmail.com,DELETE,2024-09-24 02:17:25
UEYQwuKSE@mail.ru,READ,2024-09-24 12:18:06
hBlMoBuazD@mail.ru,CREATE,2024-09-24 09:57:25
UEYQwuKSE@mail.ru,UPDATE,2024-09-24 21:37:48
lZJvGs@gmail.com,UPDATE,2024-09-24 16:15:37
hBlMoBuazD@mail.ru,UPDATE,2024-09-24 15:08:20
UEYQwuKSE@mail.ru,UPDATE,2024-09-24 03:39:24
lZJvGs@gmail.com,UPDATE,2024-09-24 09:54:29
vWRfOglEg@gmail.com,READ,2024-09-24 04:46:49
hBlMoBuazD@mail.ru,CREATE,2024-09-24 16:13:10
CwKsa@ya.ru,READ,2024-09-24 04:08:06
hBlMoBuazD@mail.ru,UPDATE,2024-09-24 09:33:18
KhacfjIIfHlS@gmail.com,DELETE,2024-09-24 07:01:35
KhacfjIIfHlS@gmail.com,READ,2024-09-24 04:36:25
lZJvGs@gmail.com,UPDATE,2024-09-24 08:00:00
UEYQwuKSE@mail.ru,CREATE,2024-09-24 19:44:34
lZJvGs@gmail.com,READ,2024-09-24 15:31:17
CwKsa@ya.ru,UPDATE,2024-09-24 03:30:32
aIgOwmrvNDqq@gmail.com,READ,2024-09-24 23:55:59
erLXUOCjtZ@mail.ru,DELETE,2024-09-24 03:27:07
CwKsa@ya.ru,CREATE,2024-09-24 05:40:39
lZJvGs@gmail.com,DELETE,2024-09-24 10:55:58
erLXUOCjtZ@mail.ru,READ,2024-09-24 23:23:13
CwKsa@ya.ru,CREATE,2024-09-24 19:24:03
fJkhNDM@ya.ru,UPDATE,2024-09-24 17:39:09
fJkhNDM@ya.ru,READ,2024-09-24 16:46:10
erLXUOCjtZ@mail.ru,CREATE,2024-09-24 22:39:54
aIgOwmrvNDqq@gmail.com,CREATE,2024-09-24 00:50:40
fJkhNDM@ya.ru,UPDATE,2024-09-24 00:44:34
erLXUOCjtZ@mail.ru,UPDATE,2024-09-24 07:31:50
UEYQwuKSE@mail.ru,CREATE,2024-09-24 13:14:58
VmstC@ya.ru,READ,2024-09-24 20:52:34
fJkhNDM@ya.ru,DELETE,2024-09-24 13:48:25
UEYQwuKSE@mail.ru,DELETE,2024-09-24 23:04:02
erLXUOCjtZ@mail.ru,DELETE,2024-09-24 22:45:13
erLXUOCjtZ@mail.ru,READ,2024-09-24 05:25:48
KhacfjIIfHlS@gmail.com,DELETE,2024-09-24 20:44:56
erLXUOCjtZ@mail.ru,DELETE,2024-09-24 10:38:09
UEYQwuKSE@mail.ru,UPDATE,2024-09-24 05:28:56
hBlMoBuazD@mail.ru,DELETE,2024-09-24 11:04:18
UEYQwuKSE@mail.ru,DELETE,2024-09-24 19:56:40
KhacfjIIfHlS@gmail.com,CREATE,2024-09-24 18:50:12
lZJvGs@gmail.com,DELETE,2024-09-24 01:44:31
VmstC@ya.ru,CREATE,2024-09-24 23:25:42
hBlMoBuazD@mail.ru,DELETE,2024-09-24 13:35:07
VmstC@ya.ru,DELETE,2024-09-24 19:42:05
aIgOwmrvNDqq@gmail.com,READ,2024-09-24 14:49:26
CwKsa@ya.ru,UPDATE,2024-09-24 00:26:09
hBlMoBuazD@mail.ru,DELETE,2024-09-24 07:02:52
erLXUOCjtZ@mail.ru,DELETE,2024-09-24 13:04:55
UEYQwuKSE@mail.ru,UPDATE,2024-09-24 03:43:28
fJkhNDM@ya.ru,UPDATE,2024-09-24 06:51:15
KhacfjIIfHlS@gmail.com,UPDATE,2024-09-24 18:07:36
erLXUOCjtZ@mail.ru,READ,2024-09-24 13:21:57
CwKsa@ya.ru,CREATE,2024-09-24 07:07:55
lZJvGs@gmail.com,READ,2024-09-24 01:41:56
VmstC@ya.ru,CREATE,2024-09-24 04:36:32
KhacfjIIfHlS@gmail.com,DELETE,2024-09-24 05:56:54
UEYQwuKSE@mail.ru,READ,2024-09-24 00:42:37
aIgOwmrvNDqq@gmail.com,DELETE,2024-09-24 17:41:44
erLXUOCjtZ@mail.ru,CREATE,2024-09-24 20:16:33
hBlMoBuazD@mail.ru,READ,2024-09-24 01:04:10
CwKsa@ya.ru,CREATE,2024-09-24 10:31:20
vWRfOglEg@gmail.com,UPDATE,2024-09-24 22:49:09
UEYQwuKSE@mail.ru,DELETE,2024-09-24 05:56:09
VmstC@ya.ru,READ,2024-09-24 00:08:54
VmstC@ya.ru,READ,2024-09-24 19:48:01
VmstC@ya.ru,UPDATE,2024-09-24 03:58:02
VmstC@ya.ru,UPDATE,2024-09-24 11:08:26
aIgOwmrvNDqq@gmail.com,CREATE,2024-09-24 19:37:55
erLXUOCjtZ@mail.ru,CREATE,2024-09-24 05:07:37
KhacfjIIfHlS@gmail.com,READ,2024-09-24 08:51:39
KhacfjIIfHlS@gmail.com,UPDATE,2024-09-24 23:11:25
UEYQwuKSE@mail.ru,UPDATE,2024-09-24 01:00:31
erLXUOCjtZ@mail.ru,DELETE,2024-09-24 16:06:01
CwKsa@ya.ru,UPDATE,2024-09-24 14:27:20
aIgOwmrvNDqq@gmail.com,CREATE,2024-09-24 03:38:22
VmstC@ya.ru,READ,2024-09-24 20:39:01
lZJvGs@gmail.com,DELETE,2024-09-24 19:36:57
lZJvGs@gmail.com,READ,2024-09-24 08:50:08
vWRfOglEg@gmail.com,CREATE,2024-09-24 12:31:13
erLXUOCjtZ@mail.ru,UPDATE,2024-09-24 13:10:49
UEYQwuKSE@mail.ru,UPDATE,2024-09-24 21:15:48
CwKsa@ya.ru,DELETE,2024-09-24 09:09:37
UEYQwuKSE@mail.ru,UPDATE,2024-09-24 14:37:45
KhacfjIIfHlS@gmail.com,CREATE,2024-09-24 01:21:45
vWRfOglEg@gmail.com,READ,2024-09-24 13:21:18
aIgOwmrvNDqq@gmail.com,DELETE,2024-09-24 14:00:19
hBlMoBuazD@mail.ru,READ,2024-09-24 13:42:56
UEYQwuKSE@mail.ru,DELETE,2024-09-24 06:13:22
CwKsa@ya.ru,READ,2024-09-24 18:50:16
CwKsa@ya.ru,UPDATE,2024-09-24 01:44:19
KhacfjIIfHlS@gmail.com,UPDATE,2024-09-24 04:05:34
KhacfjIIfHlS@gmail.com,DELETE,2024-09-24 11:34:38
KhacfjIIfHlS@gmail.com,CREATE,2024-09-24 11:32:28
lZJvGs@gmail.com,READ,2024-09-24 11:46:18
fJkhNDM@ya.ru,READ,2024-09-24 06:46:02
erLXUOCjtZ@mail.ru,DELETE,2024-09-24 18:23:11
KhacfjIIfHlS@gmail.com,UPDATE,2024-09-24 08:29:43
UEYQwuKSE@mail.ru,READ,2024-09-24 16:49:32
KhacfjIIfHlS@gmail.com,CREATE,2024-09-24 04:47:50
VmstC@ya.ru,UPDATE,2024-09-24 16:22:51
aIgOwmrvNDqq@gmail.com,READ,2024-09-24 16:32:20
lZJvGs@gmail.com,UPDATE,2024-09-24 19:22:54
hBlMoBuazD@mail.ru,UPDATE,2024-09-24 15:57:09
KhacfjIIfHlS@gmail.com,UPDATE,2024-09-24 17:55:11
vWRfOglEg@gmail.com,UPDATE,2024-09-24 18:55:10
CwKsa@ya.ru,READ,2024-09-24 03:57:52
KhacfjIIfHlS@gmail.com,DELETE,2024-09-24 23:36:09
VmstC@ya.ru,UPDATE,2024-09-24 16:37:47
UEYQwuKSE@mail.ru,CREATE,2024-09-24 08:03:06
vWRfOglEg@gmail.com,UPDATE,2024-09-24 06:04:10
hBlMoBuazD@mail.ru,UPDATE,2024-09-24 05:56:32
fJkhNDM@ya.ru,CREATE,2024-09-24 10:46:30
aIgOwmrvNDqq@gmail.com,DELETE,2024-09-24 09:51:22
vWRfOglEg@gmail.com,CREATE,2024-09-24 14:26:44
aIgOwmrvNDqq@gmail.com,UPDATE,2024-09-24 11:26:46
erLXUOCjtZ@mail.ru,UPDATE,2024-09-24 07:37:44
VmstC@ya.ru,DELETE,2024-09-24 18:31:00
fJkhNDM@ya.ru,CREATE,2024-09-24 04:55:38
erLXUOCjtZ@mail.ru,READ,2024-09-24 22:22:01
hBlMoBuazD@mail.ru,DELETE,2024-09-24 17:00:56
fJkhNDM@ya.ru,DELETE,2024-09-24 12:11:15
lZJvGs@gmail.com,READ,2024-09-24 09:41:13
aIgOwmrvNDqq@gmail.com,CREATE,2024-09-24 13:57:33
hBlMoBuazD@mail.ru,CREATE,2024-09-24 06:24:27
UEYQwuKSE@mail.ru,UPDATE,2024-09-24 18:29:54
vWRfOglEg@gmail.com,CREATE,2024-09-24 12:06:22
vWRfOglEg@gmail.com,DELETE,2024-09-24 13:50:15
fJkhNDM@ya.ru,CREATE,2024-09-24 19:07:47
aIgOwmrvNDqq@gmail.com,UPDATE,2024-09-24 12:38:17
hBlMoBuazD@mail.ru,DELETE,2024-09-24 02:19:50
vWRfOglEg@gmail.com,READ,2024-09-24 17:49:01
aIgOwmrvNDqq@gmail.com,DELETE,2024-09-24 20:39:10
UEYQwuKSE@mail.ru,READ,2024-09-24 23:07:36
hBlMoBuazD@mail.ru,READ,2024-09-24 07:32:20
UEYQwuKSE@mail.ru,READ,2024-09-24 03:57:53
UEYQwuKSE@mail.ru,DELETE,2024-09-24 04:09:23
fJkhNDM@ya.ru,UPDATE,2024-09-24 23:11:59
fJkhNDM@ya.ru,CREATE,2024-09-24 07:21:40
VmstC@ya.ru,READ,2024-09-24 14:14:10
vWRfOglEg@gmail.com,DELETE,2024-09-24 19:40:14
vWRfOglEg@gmail.com,UPDATE,2024-09-24 17:50:38
CwKsa@ya.ru,CREATE,2024-09-24 09:08:21
CwKsa@ya.ru,UPDATE,2024-09-24 00:31:05
vWRfOglEg@gmail.com,UPDATE,2024-09-24 09:48:04
aIgOwmrvNDqq@gmail.com,UPDATE,2024-09-24 05:18:35
erLXUOCjtZ@mail.ru,UPDATE,2024-09-24 00:09:32
hBlMoBuazD@mail.ru,READ,2024-09-24 09:03:36
erLXUOCjtZ@mail.ru,DELETE,2024-09-24 09:13:30
erLXUOCjtZ@mail.ru,UPDATE,2024-09-24 05:52:13
erLXUOCjtZ@mail.ru,UPDATE,2024-09-24 16:10:14
lZJvGs@gmail.com,DELETE,2024-09-24 15:39:39
lZJvGs@gmail.com,CREATE,2024-09-24 13:27:52
CwKsa@ya.ru,CREATE,2024-09-24 03:45:36
hBlMoBuazD@mail.ru,DELETE,2024-09-24 04:44:27
KhacfjIIfHlS@gmail.com,DELETE,2024-09-24 13:59:57
KhacfjIIfHlS@gmail.com,UPDATE,2024-09-24 04:52:45
erLXUOCjtZ@mail.ru,UPDATE,2024-09-24 13:13:33
erLXUOCjtZ@mail.ru,CREATE,2024-09-24 17:33:22
hBlMoBuazD@mail.ru,READ,2024-09-24 02:28:54
VmstC@ya.ru,READ,2024-09-24 17:06:30
vWRfOglEg@gmail.com,DELETE,2024-09-24 08:39:46
UEYQwuKSE@mail.ru,READ,2024-09-24 09:08:44
hBlMoBuazD@mail.ru,READ,2024-09-24 09:35:01
VmstC@ya.ru,DELETE,2024-09-24 08:57:04
erLXUOCjtZ@mail.ru,CREATE,2024-09-24 12:45:31
KhacfjIIfHlS@gmail.com,UPDATE,2024-09-24 18:46:32
aIgOwmrvNDqq@gmail.com,CREATE,2024-09-24 12:28:53
CwKsa@ya.ru,READ,2024-09-24 14:03:57
fJkhNDM@ya.ru,CREATE,2024-09-24 10:48:49
fJkhNDM@ya.ru,DELETE,2024-09-24 22:29:50
VmstC@ya.ru,READ,2024-09-24 00:35:38
CwKsa@ya.ru,READ,2024-09-24 03:57:03
fJkhNDM@ya.ru,CREATE,2024-09-24 09:59:54
vWRfOglEg@gmail.com,CREATE,2024-09-24 19:56:45
KhacfjIIfHlS@gmail.com,READ,2024-09-24 08:26:31
UEYQwuKSE@mail.ru,CREATE,2024-09-24 08:16:06
CwKsa@ya.ru,DELETE,2024-09-24 08:56:59
CwKsa@ya.ru,UPDATE,2024-09-24 10:56:12
VmstC@ya.ru,UPDATE,2024-09-24 19:48:22
UEYQwuKSE@mail.ru,UPDATE,2024-09-24 13:24:19
lZJvGs@gmail.com,READ,2024-09-24 02:54:00
fJkhNDM@ya.ru,READ,2024-09-24 08:54:54
VmstC@ya.ru,DELETE,2024-09-24 17:22:24
vWRfOglEg@gmail.com,UPDATE,2024-09-24 22:26:23
fJkhNDM@ya.ru,CREATE,2024-09-24 20:49:00
lZJvGs@gmail.com,UPDATE,2024-09-24 07:14:49
VmstC@ya.ru,DELETE,2024-09-24 22:02:12
erLXUOCjtZ@mail.ru,READ,2024-09-24 12:08:20
KhacfjIIfHlS@gmail.com,CREATE,2024-09-24 16:18:23
lZJvGs@gmail.com,UPDATE,2024-09-24 23:57:59
KhacfjIIfHlS@gmail.com,UPDATE,2024-09-24 22:30:54
KhacfjIIfHlS@gmail.com,READ,2024-09-24 19:43:15
aIgOwmrvNDqq@gmail.com,DELETE,2024-09-24 15:59:53
lZJvGs@gmail.com,DELETE,2024-09-24 19:21:30
lZJvGs@gmail.com,DELETE,2024-09-24 23:55:30
KhacfjIIfHlS@gmail.com,CREATE,2024-09-24 22:52:32
fJkhNDM@ya.ru,DELETE,2024-09-24 23:46:57
VmstC@ya.ru,CREATE,2024-09-24 04:53:44
CwKsa@ya.ru,DELETE,2024-09-24 17:55:06
KhacfjIIfHlS@gmail.com,DELETE,2024-09-24 15:40:02
vWRfOglEg@gmail.com,READ,2024-09-24 22:00:19
vWRfOglEg@gmail.com,CREATE,2024-09-24 10:22:10
erLXUOCjtZ@mail.ru,DELETE,2024-09-24 23:43:46
VmstC@ya.ru,UPDATE,2024-09-24 20:55:52
VmstC@ya.ru,READ,2024-09-24 23:44:27
vWRfOglEg@gmail.com,UPDATE,2024-09-24 18:45:50
KhacfjIIfHlS@gmail.com,CREATE,2024-09-24 23:43:09
KhacfjIIfHlS@gmail.com,UPDATE,2024-09-24 05:02:51
vWRfOglEg@gmail.com,UPDATE,2024-09-24 19:52:11
KhacfjIIfHlS@gmail.com,UPDATE,2024-09-24 04:54:43
vWRfOglEg@gmail.com,CREATE,2024-09-24 05:33:20
VmstC@ya.ru,DELETE,2024-09-24 08:37:37
UEYQwuKSE@mail.ru,DELETE,2024-09-24 23:57:44
vWRfOglEg@gmail.com,CREATE,2024-09-24 03:41:40
hBlMoBuazD@mail.ru,CREATE,2024-09-24 22:07:23
aIgOwmrvNDqq@gmail.com,UPDATE,2024-09-24 09:56:58
KhacfjIIfHlS@gmail.com,UPDATE,2024-09-24 02:09:50
vWRfOglEg@gmail.com,DELETE,2024-09-24 08:22:47
aIgOwmrvNDqq@gmail.com,READ,2024-09-24 18:12:16
aIgOwmrvNDqq@gmail.com,DELETE,2024-09-24 08:31:12
vWRfOglEg@gmail.com,READ,2024-09-24 06:27:58
fJkhNDM@ya.ru,READ,2024-09-24 07:25:00
fJkhNDM@ya.ru,CREATE,2024-09-24 05:00:10
aIgOwmrvNDqq@gmail.com,CREATE,2024-09-24 18:15:12
hBlMoBuazD@mail.ru,DELETE,2024-09-24 07:56:23
aIgOwmrvNDqq@gmail.com,READ,2024-09-24 12:22:59
fJkhNDM@ya.ru,READ,2024-09-24 05:47:59
lZJvGs@gmail.com,READ,2024-09-24 02:31:21
VmstC@ya.ru,CREATE,2024-09-24 14:07:29
aIgOwmrvNDqq@gmail.com,UPDATE,2024-09-24 21:41:00
UEYQwuKSE@mail.ru,CREATE,2024-09-24 23:40:10
erLXUOCjtZ@mail.ru,READ,2024-09-24 11:36:14
aIgOwmrvNDqq@gmail.com,DELETE,2024-09-24 05:45:23
hBlMoBuazD@mail.ru,UPDATE,2024-09-24 08:55:11
aIgOwmrvNDqq@gmail.com,UPDATE,2024-09-24 04:03:53
lZJvGs@gmail.com,CREATE,2024-09-24 07:18:35
KhacfjIIfHlS@gmail.com,UPDATE,2024-09-24 18:59:29
VmstC@ya.ru,CREATE,2024-09-24 23:51:48
fJkhNDM@ya.ru,UPDATE,2024-09-24 23:58:30
CwKsa@ya.ru,READ,2024-09-24 06:10:07
VmstC@ya.ru,READ,2024-09-24 01:59:00
lZJvGs@gmail.com,CREATE,2024-09-24 07:54:11
hBlMoBuazD@mail.ru,DELETE,2024-09-24 00:42:10
aIgOwmrvNDqq@gmail.com,CREATE,2024-09-24 08:02:16
hBlMoBuazD@mail.ru,CREATE,2024-09-24 11:44:43
hBlMoBuazD@mail.ru,READ,2024-09-24 15:01:34
erLXUOCjtZ@mail.ru,READ,2024-09-24 01:26:33
aIgOwmrvNDqq@gmail.com,DELETE,2024-09-24 14:15:55
VmstC@ya.ru,CREATE,2024-09-24 14:24:14
erLXUOCjtZ@mail.ru,UPDATE,2024-09-24 19:22:14
UEYQwuKSE@mail.ru,READ,2024-09-24 02:36:49
vWRfOglEg@gmail.com,READ,2024-09-24 13:24:43
erLXUOCjtZ@mail.ru,READ,2024-09-24 15:08:41
KhacfjIIfHlS@gmail.com,READ,2024-09-24 07:34:55
lZJvGs@gmail.com,DELETE,2024-09-24 02:51:11
fJkhNDM@ya.ru,READ,2024-09-24 19:10:23
UEYQwuKSE@mail.ru,CREATE,2024-09-24 10:16:36
hBlMoBuazD@mail.ru,CREATE,2024-09-24 07:32:11
lZJvGs@gmail.com,READ,2024-09-24 21:55:31
lZJvGs@gmail.com,CREATE,2024-09-24 20:53:30
VmstC@ya.ru,READ,2024-09-24 15:37:23
lZJvGs@gmail.com,CREATE,2024-09-24 15:11:32
aIgOwmrvNDqq@gmail.com,CREATE,2024-09-24 22:24:56
erLXUOCjtZ@mail.ru,CREATE,2024-09-24 17:58:41
CwKsa@ya.ru,READ,2024-09-24 00:44:23
KhacfjIIfHlS@gmail.com,DELETE,2024-09-24 01:34:11
erLXUOCjtZ@mail.ru,UPDATE,2024-09-24 09:00:03
fJkhNDM@ya.ru,READ,2024-09-24 21:12:09
vWRfOglEg@gmail.com,UPDATE,2024-09-24 22:39:29
lZJvGs@gmail.com,DELETE,2024-09-24 07:39:44
VmstC@ya.ru,UPDATE,2024-09-24 10:21:27
KhacfjIIfHlS@gmail.com,READ,2024-09-24 02:01:28
KhacfjIIfHlS@gmail.com,CREATE,2024-09-24 22:53:35
UEYQwuKSE@mail.ru,READ,2024-09-24 21:44:43
fJkhNDM@ya.ru,UPDATE,2024-09-24 10:08:16
vWRfOglEg@gmail.com,CREATE,2024-09-24 01:59:43
aIgOwmrvNDqq@gmail.com,READ,2024-09-24 12:31:22
CwKsa@ya.ru,CREATE,2024-09-24 07:09:25
hBlMoBuazD@mail.ru,DELETE,2024-09-24 13:42:51
fJkhNDM@ya.ru,CREATE,2024-09-24 09:39:20
CwKsa@ya.ru,CREATE,2024-09-24 14:36:18
fJkhNDM@ya.ru,READ,2024-09-24 23:50:10
hBlMoBuazD@mail.ru,CREATE,2024-09-24 06:50:15
hBlMoBuazD@mail.ru,READ,2024-09-24 01:20:18
erLXUOCjtZ@mail.ru,CREATE,2024-09-24 11:11:08
lZJvGs@gmail.com,CREATE,2024-09-24 16:20:01
erLXUOCjtZ@mail.ru,UPDATE,2024-09-24 07:59:59
hBlMoBuazD@mail.ru,DELETE,2024-09-24 11:09:01
hBlMoBuazD@mail.ru,DELETE,2024-09-24 12:26:17
VmstC@ya.ru,DELETE,2024-09-24 15:12:05
erLXUOCjtZ@mail.ru,DELETE,2024-09-24 08:38:54
lZJvGs@gmail.com,CREATE,2024-09-24 02:41:33
erLXUOCjtZ@mail.ru,CREATE,2024-09-24 13:46:53
fJkhNDM@ya.ru,CREATE,2024-09-24 13:32:14
KhacfjIIfHlS@gmail.com,READ,2024-09-24 03:02:25
aIgOwmrvNDqq@gmail.com,UPDATE,2024-09-24 05:13:28
erLXUOCjtZ@mail.ru,UPDATE,2024-09-24 19:47:22
UEYQwuKSE@mail.ru,DELETE,2024-09-24 18:49:25
CwKsa@ya.ru,DELETE,2024-09-24 08:09:02
vWRfOglEg@gmail.com,CREATE,2024-09-24 17:35:18
aIgOwmrvNDqq@gmail.com,CREATE,2024-09-24 07:20:16
CwKsa@ya.ru,READ,2024-09-24 10:42:07
vWRfOglEg@gmail.com,DELETE,2024-09-24 13:24:20
KhacfjIIfHlS@gmail.com,READ,2024-09-24 04:19:29
hBlMoBuazD@mail.ru,UPDATE,2024-09-24 19:28:13
aIgOwmrvNDqq@gmail.com,DELETE,2024-09-24 21:59:44
fJkhNDM@ya.ru,UPDATE,2024-09-24 18:17:53
lZJvGs@gmail.com,DELETE,2024-09-24 21:28:43
aIgOwmrvNDqq@gmail.com,DELETE,2024-09-24 03:06:39
hBlMoBuazD@mail.ru,CREATE,2024-09-24 05:37:09
fJkhNDM@ya.ru,CREATE,2024-09-24 14:16:39
VmstC@ya.ru,DELETE,2024-09-24 17:32:25
UEYQwuKSE@mail.ru,UPDATE,2024-09-24 21:42:52
fJkhNDM@ya.ru,UPDATE,2024-09-24 11:40:10
fJkhNDM@ya.ru,CREATE,2024-09-24 14:46:17
fJkhNDM@ya.ru,CREATE,2024-09-24 18:21:59
lZJvGs@gmail.com,UPDATE,2024-09-24 06:49:32
fJkhNDM@ya.ru,UPDATE,2024-09-24 06:16:58
vWRfOglEg@gmail.com,CREATE,2024-09-24 06:56:56
hBlMoBuazD@mail.ru,READ,2024-09-24 13:36:34
erLXUOCjtZ@mail.ru,READ,2024-09-24 23:46:30
UEYQwuKSE@mail.ru,DELETE,2024-09-24 03:58:31
vWRfOglEg@gmail.com,DELETE,2024-09-24 02:31:26
CwKsa@ya.ru,CREATE,2024-09-24 12:06:47
UEYQwuKSE@mail.ru,READ,2024-09-24 03:53:06
aIgOwmrvNDqq@gmail.com,UPDATE,2024-09-24 13:15:51
UEYQwuKSE@mail.ru,READ,2024-09-24 22:04:30
CwKsa@ya.ru,UPDATE,2024-09-24 17:52:28
KhacfjIIfHlS@gmail.com,DELETE,2024-09-24 08:13:43
CwKsa@ya.ru,DELETE,2024-09-24 20:49:48
hBlMoBuazD@mail.ru,UPDATE,2024-09-24 06:02:16
hBlMoBuazD@mail.ru,DELETE,2024-09-24 10:16:01
lZJvGs@gmail.com,UPDATE,2024-09-24 03:46:37
fJkhNDM@ya.ru,DELETE,2024-09-24 21:16:48
erLXUOCjtZ@mail.ru,UPDATE,2024-09-24 23:29:25
vWRfOglEg@gmail.com,UPDATE,2024-09-24 03:22:09
vWRfOglEg@gmail.com,CREATE,2024-09-24 16:28:29
erLXUOCjtZ@mail.ru,UPDATE,2024-09-24 14:40:35
UEYQwuKSE@mail.ru,DELETE,2024-09-24 03:43:44
erLXUOCjtZ@mail.ru,DELETE,2024-09-24 18:31:36
lZJvGs@gmail.com,CREATE,2024-09-24 10:57:26
aIgOwmrvNDqq@gmail.com,CREATE,2024-09-24 21:26:26
vWRfOglEg@gmail.com,DELETE,2024-09-24 11:29:30
VmstC@ya.ru,CREATE,2024-09-24 20:05:07
erLXUOCjtZ@mail.ru,CREATE,2024-09-24 05:27:59
erLXUOCjtZ@mail.ru,READ,2024-09-24 02:12:32
aIgOwmrvNDqq@gmail.com,UPDATE,2024-09-24 04:35:20
fJkhNDM@ya.ru,UPDATE,2024-09-24 00:42:33
CwKsa@ya.ru,UPDATE,2024-09-24 17:39:13
erLXUOCjtZ@mail.ru,DELETE,2024-09-24 22:17:30
lZJvGs@gmail.com,CREATE,2024-09-24 15:47:06
aIgOwmrvNDqq@gmail.com,READ,2024-09-24 16:58:01
erLXUOCjtZ@mail.ru,UPDATE,2024-09-24 10:01:16
fJkhNDM@ya.ru,CREATE,2024-09-24 03:44:49
aIgOwmrvNDqq@gmail.com,CREATE,2024-09-24 12:23:42
fJkhNDM@ya.ru,DELETE,2024-09-24 18:59:22
fJkhNDM@ya.ru,CREATE,2024-09-24 06:37:18
erLXUOCjtZ@mail.ru,UPDATE,2024-09-24 07:40:11
erLXUOCjtZ@mail.ru,DELETE,2024-09-24 02:47:05
vWRfOglEg@gmail.com,UPDATE,2024-09-24 20:44:58
hBlMoBuazD@mail.ru,READ,2024-09-24 04:01:37
VmstC@ya.ru,READ,2024-09-24 15:12:38
aIgOwmrvNDqq@gmail.com,DELETE,2024-09-24 02:29:20
aIgOwmrvNDqq@gmail.com,DELETE,2024-09-24 12:44:08
KhacfjIIfHlS@gmail.com,CREATE,2024-09-24 16:22:23
hBlMoBuazD@mail.ru,UPDATE,2024-09-24 14:53:01
VmstC@ya.ru,READ,2024-09-24 23:34:14
VmstC@ya.ru,CREATE,2024-09-24 16:44:02
UEYQwuKSE@mail.ru,CREATE,2024-09-24 06:45:20
CwKsa@ya.ru,DELETE,2024-09-24 19:40:13
hBlMoBuazD@mail.ru,READ,2024-09-24 15:23:36
erLXUOCjtZ@mail.ru,DELETE,2024-09-24 17:59:04
KhacfjIIfHlS@gmail.com,CREATE,2024-09-24 10:05:25
lZJvGs@gmail.com,UPDATE,2024-09-24 23:13:34
hBlMoBuazD@mail.ru,UPDATE,2024-09-24 01:17:06
UEYQwuKSE@mail.ru,CREATE,2024-09-24 18:40:19
vWRfOglEg@gmail.com,CREATE,2024-09-24 13:25:20
CwKsa@ya.ru,UPDATE,2024-09-24 18:21:01
vWRfOglEg@gmail.com,DELETE,2024-09-24 20:11:39
VmstC@ya.ru,READ,2024-09-24 02:46:25
KhacfjIIfHlS@gmail.com,DELETE,2024-09-24 02:40:33
vWRfOglEg@gmail.com,CREATE,2024-09-24 09:44:31
KhacfjIIfHlS@gmail.com,CREATE,2024-09-24 03:52:30
fJkhNDM@ya.ru,READ,2024-09-24 17:24:21
hBlMoBuazD@mail.ru,READ,2024-09-24 10:49:35
UEYQwuKSE@mail.ru,UPDATE,2024-09-24 00:48:04
vWRfOglEg@gmail.com,DELETE,2024-09-24 02:01:44
vWRfOglEg@gmail.com,DELETE,2024-09-24 03:58:45
KhacfjIIfHlS@gmail.com,READ,2024-09-24 18:23:58
VmstC@ya.ru,DELETE,2024-09-24 01:11:13
UEYQwuKSE@mail.ru,CREATE,2024-09-24 07:43:49
vWRfOglEg@gmail.com,READ,2024-09-24 07:42:48
vWRfOglEg@gmail.com,DELETE,2024-09-24 02:31:04
UEYQwuKSE@mail.ru,CREATE,2024-09-24 00:09:37
fJkhNDM@ya.ru,DELETE,2024-09-24 15:36:04
aIgOwmrvNDqq@gmail.com,UPDATE,2024-09-24 13:27:08
vWRfOglEg@gmail.com,DELETE,2024-09-24 04:45:14
CwKsa@ya.ru,CREATE,2024-09-24 07:08:37
hBlMoBuazD@mail.ru,UPDATE,2024-09-24 11:50:35
KhacfjIIfHlS@gmail.com,UPDATE,2024-09-24 00:20:44
VmstC@ya.ru,READ,2024-09-24 23:30:16
lZJvGs@gmail.com,CREATE,2024-09-24 00:27:13
aIgOwmrvNDqq@gmail.com,CREATE,2024-09-24 15:43:30
CwKsa@ya.ru,UPDATE,2024-09-24 01:03:57
vWRfOglEg@gmail.com,CREATE,2024-09-24 08:27:51
vWRfOglEg@gmail.com,DELETE,2024-09-24 07:01:04
erLXUOCjtZ@mail.ru,CREATE,2024-09-24 20:16:35
CwKsa@ya.ru,READ,2024-09-24 05:47:06
lZJvGs@gmail.com,CREATE,2024-09-24 00:06:02
hBlMoBuazD@mail.ru,UPDATE,2024-09-24 11:13:36
CwKsa@ya.ru,UPDATE,2024-09-24 14:29:58
erLXUOCjtZ@mail.ru,DELETE,2024-09-24 06:19:01
hBlMoBuazD@mail.ru,READ,2024-09-24 13:28:50
vWRfOglEg@gmail.com,DELETE,2024-09-24 03:33:49
CwKsa@ya.ru,DELETE,2024-09-24 16:27:16
lZJvGs@gmail.com,READ,2024-09-24 07:34:51
fJkhNDM@ya.ru,CREATE,2024-09-24 17:49:30
aIgOwmrvNDqq@gmail.com,CREATE,2024-09-24 08:07:53
lZJvGs@gmail.com,CREATE,2024-09-24 19:12:00
fJkhNDM@ya.ru,CREATE,2024-09-24 21:26:41
KhacfjIIfHlS@gmail.com,READ,2024-09-24 11:42:54
vWRfOglEg@gmail.com,DELETE,2024-09-24 06:04:10
fJkhNDM@ya.ru,CREATE,2024-09-24 04:11:04
aIgOwmrvNDqq@gmail.com,READ,2024-09-24 12:45:04
KhacfjIIfHlS@gmail.com,DELETE,2024-09-24 14:51:00
KhacfjIIfHlS@gmail.com,READ,2024-09-24 07:28:25
KhacfjIIfHlS@gmail.com,UPDATE,2024-09-24 23:20:59
lZJvGs@gmail.com,UPDATE,2024-09-24 02:31:25
VmstC@ya.ru,UPDATE,2024-09-24 19:36:45
erLXUOCjtZ@mail.ru,DELETE,2024-09-24 04:19:39
aIgOwmrvNDqq@gmail.com,READ,2024-09-24 13:04:16
UEYQwuKSE@mail.ru,UPDATE,2024-09-24 21:27:03
CwKsa@ya.ru,CREATE,2024-09-24 12:56:26
VmstC@ya.ru,UPDATE,2024-09-24 14:15:12
CwKsa@ya.ru,DELETE,2024-09-24 09:10:42
fJkhNDM@ya.ru,READ,2024-09-24 06:03:29
UEYQwuKSE@mail.ru,CREATE,2024-09-24 06:28:23
erLXUOCjtZ@mail.ru,UPDATE,2024-09-24 02:36:10
CwKsa@ya.ru,DELETE,2024-09-24 10:48:40
KhacfjIIfHlS@gmail.com,READ,2024-09-24 05:33:34
aIgOwmrvNDqq@gmail.com,READ,2024-09-24 19:01:33
VmstC@ya.ru,CREATE,2024-09-24 01:49:21
aIgOwmrvNDqq@gmail.com,DELETE,2024-09-24 17:44:59
UEYQwuKSE@mail.ru,DELETE,2024-09-24 12:39:26
aIgOwmrvNDqq@gmail.com,UPDATE,2024-09-24 08:55:21
erLXUOCjtZ@mail.ru,READ,2024-09-24 05:00:58
KhacfjIIfHlS@gmail.com,CREATE,2024-09-24 01:49:59
vWRfOglEg@gmail.com,CREATE,2024-09-24 00:10:50
erLXUOCjtZ@mail.ru,UPDATE,2024-09-24 19:24:00
hBlMoBuazD@mail.ru,READ,2024-09-24 04:58:36
VmstC@ya.ru,CREATE,2024-09-24 11:41:02
KhacfjIIfHlS@gmail.com,UPDATE,2024-09-24 04:11:53
fJkhNDM@ya.ru,CREATE,2024-09-24 01:01:07
erLXUOCjtZ@mail.ru,DELETE,2024-09-24 18:23:47
aIgOwmrvNDqq@gmail.com,READ,2024-09-24 14:59:15
lZJvGs@gmail.com,UPDATE,2024-09-24 06:08:49
hBlMoBuazD@mail.ru,CREATE,2024-09-24 09:43:03
CwKsa@ya.ru,READ,2024-09-24 16:30:34
fJkhNDM@ya.ru,READ,2024-09-24 12:14:17
vWRfOglEg@gmail.com,UPDATE,2024-09-24 05:42:38
lZJvGs@gmail.com,READ,2024-09-24 05:47:16
CwKsa@ya.ru,READ,2024-09-24 22:41:19
KhacfjIIfHlS@gmail.com,UPDATE,2024-09-24 04:00:27
KhacfjIIfHlS@gmail.com,DELETE,2024-09-24 23:02:19
KhacfjIIfHlS@gmail.com,DELETE,2024-09-24 03:29:28
KhacfjIIfHlS@gmail.com,UPDATE,2024-09-24 14:44:21
aIgOwmrvNDqq@gmail.com,UPDATE,2024-09-24 00:07:16
VmstC@ya.ru,DELETE,2024-09-24 10:22:58
lZJvGs@gmail.com,CREATE,2024-09-24 09:27:53
CwKsa@ya.ru,CREATE,2024-09-24 14:16:32
UEYQwuKSE@mail.ru,CREATE,2024-09-24 04:13:48
aIgOwmrvNDqq@gmail.com,DELETE,2024-09-24 18:26:30
UEYQwuKSE@mail.ru,DELETE,2024-09-24 02:14:34
aIgOwmrvNDqq@gmail.com,UPDATE,2024-09-24 05:39:54
KhacfjIIfHlS@gmail.com,DELETE,2024-09-24 15:52:07
aIgOwmrvNDqq@gmail.com,READ,2024-09-24 08:58:52
lZJvGs@gmail.com,CREATE,2024-09-24 09:59:06
erLXUOCjtZ@mail.ru,READ,2024-09-24 18:38:26
aIgOwmrvNDqq@gmail.com,READ,2024-09-24 19:21:56
VmstC@ya.ru,READ,2024-09-24 08:34:14
KhacfjIIfHlS@gmail.com,DELETE,2024-09-24 04:36:58
KhacfjIIfHlS@gmail.com,READ,2024-09-24 20:02:10
CwKsa@ya.ru,CREATE,2024-09-24 23:33:58
KhacfjIIfHlS@gmail.com,CREATE,2024-09-24 13:58:12
CwKsa@ya.ru,CREATE,2024-09-24 10:36:30
CwKsa@ya.ru,READ,2024-09-24 13:41:27
hBlMoBuazD@mail.ru,DELETE,2024-09-24 17:41:56
KhacfjIIfHlS@gmail.com,DELETE,2024-09-24 03:09:35
vWRfOglEg@gmail.com,UPDATE,2024-09-24 09:14:57
CwKsa@ya.ru,DELETE,2024-09-24 20:02:07
aIgOwmrvNDqq@gmail.com,DELETE,2024-09-24 20:42:42
KhacfjIIfHlS@gmail.com,CREATE,2024-09-24 06:48:37
hBlMoBuazD@mail.ru,DELETE,2024-09-24 18:19:39
fJkhNDM@ya.ru,UPDATE,2024-09-24 10:12:24
VmstC@ya.ru,READ,2024-09-24 00:45:58
vWRfOglEg@gmail.com,UPDATE,2024-09-24 02:10:03
CwKsa@ya.ru,UPDATE,2024-09-24 06:34:48
KhacfjIIfHlS@gmail.com,READ,2024-09-24 04:11:00
lZJvGs@gmail.com,CREATE,2024-09-24 23:48:41
KhacfjIIfHlS@gmail.com,CREATE,2024-09-24 09:44:48
lZJvGs@gmail.com,READ,2024-09-24 00:29:12
hBlMoBuazD@mail.ru,UPDATE,2024-09-24 09:01:09
VmstC@ya.ru,READ,2024-09-24 02:46:11
vWRfOglEg@gmail.com,DELETE,2024-09-24 19:20:26
CwKsa@ya.ru,UPDATE,2024-09-24 11:39:03
CwKsa@ya.ru,READ,2024-09-24 10:28:44
erLXUOCjtZ@mail.ru,READ,2024-09-24 03:12:09
hBlMoBuazD@mail.ru,UPDATE,2024-09-24 10:12:40
vWRfOglEg@gmail.com,READ,2024-09-24 11:33:04
CwKsa@ya.ru,CREATE,2024-09-24 00:10:33
lZJvGs@gmail.com,DELETE,2024-09-24 18:46:26
hBlMoBuazD@mail.ru,UPDATE,2024-09-24 18:54:46
fJkhNDM@ya.ru,CREATE,2024-09-24 17:14:43
lZJvGs@gmail.com,UPDATE,2024-09-24 15:50:10
CwKsa@ya.ru,DELETE,2024-09-24 11:17:58
CwKsa@ya.ru,READ,2024-09-24 22:16:18
erLXUOCjtZ@mail.ru,CREATE,2024-09-24 09:13:07
vWRfOglEg@gmail.com,DELETE,2024-09-24 19:20:26
KhacfjIIfHlS@gmail.com,UPDATE,2024-09-24 07:08:54
VmstC@ya.ru,READ,2024-09-24 02:37:49
hBlMoBuazD@mail.ru,READ,2024-09-24 16:31:53
fJkhNDM@ya.ru,READ,2024-09-24 16:16:14
fJkhNDM@ya.ru,READ,2024-09-24 01:31:02
aIgOwmrvNDqq@gmail.com,UPDATE,2024-09-24 00:17:29
fJkhNDM@ya.ru,READ,2024-09-24 21:37:36
fJkhNDM@ya.ru,DELETE,2024-09-24 18:10:56
VmstC@ya.ru,READ,2024-09-24 20:00:06
CwKsa@ya.ru,DELETE,2024-09-24 22:47:22
fJkhNDM@ya.ru,UPDATE,2024-09-24 18:31:29
erLXUOCjtZ@mail.ru,DELETE,2024-09-24 14:33:10
VmstC@ya.ru,DELETE,2024-09-24 16:13:15
fJkhNDM@ya.ru,DELETE,2024-09-24 02:12:23
CwKsa@ya.ru,READ,2024-09-24 07:08:09
lZJvGs@gmail.com,READ,2024-09-24 16:17:35
erLXUOCjtZ@mail.ru,DELETE,2024-09-24 20:40:30
lZJvGs@gmail.com,UPDATE,2024-09-24 18:21:59
UEYQwuKSE@mail.ru,UPDATE,2024-09-24 00:54:21
CwKsa@ya.ru,READ,2024-09-24 01:18:46
fJkhNDM@ya.ru,UPDATE,2024-09-24 16:00:33
fJkhNDM@ya.ru,DELETE,2024-09-24 22:19:40
vWRfOglEg@gmail.com,DELETE,2024-09-24 17:18:43
VmstC@ya.ru,READ,2024-09-24 12:39:53
CwKsa@ya.ru,READ,2024-09-24 02:37:23
KhacfjIIfHlS@gmail.com,UPDATE,2024-09-24 03:20:16
fJkhNDM@ya.ru,DELETE,2024-09-24 14:18:36
VmstC@ya.ru,DELETE,2024-09-24 06:35:05
fJkhNDM@ya.ru,READ,2024-09-24 05:45:34
KhacfjIIfHlS@gmail.com,READ,2024-09-24 19:30:40
hBlMoBuazD@mail.ru,DELETE,2024-09-24 13:44:18
fJkhNDM@ya.ru,UPDATE,2024-09-24 21:58:20
CwKsa@ya.ru,DELETE,2024-09-24 03:55:49
CwKsa@ya.ru,UPDATE,2024-09-24 03:36:15
lZJvGs@gmail.com,UPDATE,2024-09-24 16:28:17
KhacfjIIfHlS@gmail.com,DELETE,2024-09-24 17:56:03
VmstC@ya.ru,READ,2024-09-24 06:25:02
hBlMoBuazD@mail.ru,READ,2024-09-24 12:55:51
UEYQwuKSE@mail.ru,DELETE,2024-09-24 05:25:05
CwKsa@ya.ru,DELETE,2024-09-24 14:15:26
VmstC@ya.ru,CREATE,2024-09-24 19:01:29
KhacfjIIfHlS@gmail.com,UPDATE,2024-09-24 05:40:07
aIgOwmrvNDqq@gmail.com,DELETE,2024-09-24 16:23:34
erLXUOCjtZ@mail.ru,READ,2024-09-24 21:59:57
lZJvGs@gmail.com,DELETE,2024-09-24 05:33:34
VmstC@ya.ru,CREATE,2024-09-24 23:09:07
UEYQwuKSE@mail.ru,READ,2024-09-24 17:03:54
CwKsa@ya.ru,UPDATE,2024-09-24 20:02:05
lZJvGs@gmail.com,READ,2024-09-24 16:53:19
erLXUOCjtZ@mail.ru,READ,2024-09-24 01:43:53
lZJvGs@gmail.com,UPDATE,2024-09-24 01:08:26
vWRfOglEg@gmail.com,CREATE,2024-09-24 04:19:14
vWRfOglEg@gmail.com,DELETE,2024-09-24 17:26:04
hBlMoBuazD@mail.ru,CREATE,2024-09-24 02:11:43
erLXUOCjtZ@mail.ru,READ,2024-09-24 16:52:51
UEYQwuKSE@mail.ru,READ,2024-09-24 14:55:20
UEYQwuKSE@mail.ru,CREATE,2024-09-24 10:26:37
fJkhNDM@ya.ru,DELETE,2024-09-24 12:06:56
lZJvGs@gmail.com,READ,2024-09-24 05:47:13
lZJvGs@gmail.com,READ,2024-09-24 17:07:14
KhacfjIIfHlS@gmail.com,DELETE,2024-09-24 10:38:31
VmstC@ya.ru,DELETE,2024-09-24 13:08:29
KhacfjIIfHlS@gmail.com,READ,2024-09-24 10:18:42
VmstC@ya.ru,DELETE,2024-09-24 16:51:48
UEYQwuKSE@mail.ru,UPDATE,2024-09-24 00:24:19
hBlMoBuazD@mail.ru,UPDATE,2024-09-24 05:07:07
lZJvGs@gmail.com,READ,2024-09-24 09:18:25
erLXUOCjtZ@mail.ru,DELETE,2024-09-24 23:56:42
fJkhNDM@ya.ru,UPDATE,2024-09-24 18:37:06
vWRfOglEg@gmail.com,DELETE,2024-09-24 01:14:04
fJkhNDM@ya.ru,DELETE,2024-09-24 15:45:46
VmstC@ya.ru,CREATE,2024-09-24 16:59:44
lZJvGs@gmail.com,DELETE,2024-09-24 09:20:15
lZJvGs@gmail.com,DELETE,2024-09-24 02:23:24
aIgOwmrvNDqq@gmail.com,DELETE,2024-09-24 11:54:24
VmstC@ya.ru,UPDATE,2024-09-24 06:50:04
CwKsa@ya.ru,CREATE,2024-09-24 01:28:54
VmstC@ya.ru,READ,2024-09-24 06:52:09
VmstC@ya.ru,UPDATE,2024-09-24 20:03:40
erLXUOCjtZ@mail.ru,CREATE,2024-09-24 02:26:58
KhacfjIIfHlS@gmail.com,DELETE,2024-09-24 18:56:36
hBlMoBuazD@mail.ru,CREATE,2024-09-24 02:30:55
UEYQwuKSE@mail.ru,DELETE,2024-09-24 10:13:27
KhacfjIIfHlS@gmail.com,DELETE,2024-09-24 15:14:14
erLXUOCjtZ@mail.ru,CREATE,2024-09-24 18:23:52
CwKsa@ya.ru,READ,2024-09-24 16:34:00
fJkhNDM@ya.ru,CREATE,2024-09-24 15:08:53
vWRfOglEg@gmail.com,CREATE,2024-09-24 03:10:11
lZJvGs@gmail.com,READ,2024-09-24 20:16:43
hBlMoBuazD@mail.ru,UPDATE,2024-09-24 23:09:56
erLXUOCjtZ@mail.ru,CREATE,2024-09-24 01:42:58
erLXUOCjtZ@mail.ru,READ,2024-09-24 09:42:01
KhacfjIIfHlS@gmail.com,UPDATE,2024-09-24 19:07:26
lZJvGs@gmail.com,DELETE,2024-09-24 19:58:09
VmstC@ya.ru,CREATE,2024-09-24 14:44:25
hBlMoBuazD@mail.ru,DELETE,2024-09-24 09:34:22
KhacfjIIfHlS@gmail.com,DELETE,2024-09-24 12:44:02
lZJvGs@gmail.com,READ,2024-09-24 01:21:25
hBlMoBuazD@mail.ru,READ,2024-09-24 05:34:56
hBlMoBuazD@mail.ru,CREATE,2024-09-24 14:38:19
aIgOwmrvNDqq@gmail.com,READ,2024-09-24 12:37:42
aIgOwmrvNDqq@gmail.com,DELETE,2024-09-24 03:13:15
erLXUOCjtZ@mail.ru,CREATE,2024-09-24 11:00:02
CwKsa@ya.ru,DELETE,2024-09-24 18:36:10
KhacfjIIfHlS@gmail.com,CREATE,2024-09-24 19:22:49
fJkhNDM@ya.ru,UPDATE,2024-09-24 10:34:01
UEYQwuKSE@mail.ru,UPDATE,2024-09-24 20:47:11
vWRfOglEg@gmail.com,DELETE,2024-09-24 12:29:29
lZJvGs@gmail.com,DELETE,2024-09-24 01:40:16
vWRfOglEg@gmail.com,DELETE,2024-09-24 10:31:39
hBlMoBuazD@mail.ru,UPDATE,2024-09-24 11:57:57
fJkhNDM@ya.ru,DELETE,2024-09-24 01:05:07
fJkhNDM@ya.ru,DELETE,2024-09-24 05:21:25
vWRfOglEg@gmail.com,UPDATE,2024-09-24 03:24:39
lZJvGs@gmail.com,DELETE,2024-09-24 10:15:26
aIgOwmrvNDqq@gmail.com,READ,2024-09-24 18:13:16
KhacfjIIfHlS@gmail.com,READ,2024-09-24 16:19:23
lZJvGs@gmail.com,CREATE,2024-09-24 22:22:09
aIgOwmrvNDqq@gmail.com,UPDATE,2024-09-24 13:28:40
hBlMoBuazD@mail.ru,CREATE,2024-09-24 18:55:09
fJkhNDM@ya.ru,UPDATE,2024-09-24 23:57:43
CwKsa@ya.ru,UPDATE,2024-09-24 03:00:26
UEYQwuKSE@mail.ru,CREATE,2024-09-24 17:53:22
aIgOwmrvNDqq@gmail.com,READ,2024-09-24 14:20:18
VmstC@ya.ru,CREATE,2024-09-24 18:16:40
KhacfjIIfHlS@gmail.com,READ,2024-09-24 14:32:34
CwKsa@ya.ru,CREATE,2024-09-24 06:20:42
vWRfOglEg@gmail.com,UPDATE,2024-09-24 11:38:28
CwKsa@ya.ru,UPDATE,2024-09-24 02:03:48
hBlMoBuazD@mail.ru,CREATE,2024-09-24 16:42:33
VmstC@ya.ru,CREATE,2024-09-24 05:20:37
aIgOwmrvNDqq@gmail.com,READ,2024-09-24 15:01:37
UEYQwuKSE@mail.ru,CREATE,2024-09-24 02:06:40
CwKsa@ya.ru,CREATE,2024-09-24 15:14:21
vWRfOglEg@gmail.com,CREATE,2024-09-24 14:55:59
KhacfjIIfHlS@gmail.com,READ,2024-09-24 10:35:04
erLXUOCjtZ@mail.ru,READ,2024-09-24 21:58:58
VmstC@ya.ru,DELETE,2024-09-24 13:03:44
fJkhNDM@ya.ru,READ,2024-09-24 12:19:13
CwKsa@ya.ru,DELETE,2024-09-24 20:22:17
vWRfOglEg@gmail.com,DELETE,2024-09-24 23:25:26
VmstC@ya.ru,DELETE,2024-09-24 19:42:04
CwKsa@ya.ru,CREATE,2024-09-24 08:23:32
vWRfOglEg@gmail.com,DELETE,2024-09-24 09:54:05
lZJvGs@gmail.com,UPDATE,2024-09-24 11:01:07
vWRfOglEg@gmail.com,UPDATE,2024-09-24 08:09:32
CwKsa@ya.ru,DELETE,2024-09-24 11:50:31
vWRfOglEg@gmail.com,DELETE,2024-09-24 02:14:26
fJkhNDM@ya.ru,CREATE,2024-09-24 06:46:03
erLXUOCjtZ@mail.ru,READ,2024-09-24 13:19:55
lZJvGs@gmail.com,UPDATE,2024-09-24 12:16:23
lZJvGs@gmail.com,CREATE,2024-09-24 16:24:09
vWRfOglEg@gmail.com,READ,2024-09-24 07:05:36
CwKsa@ya.ru,READ,2024-09-24 04:04:24
VmstC@ya.ru,UPDATE,2024-09-24 10:50:06
aIgOwmrvNDqq@gmail.com,CREATE,2024-09-24 21:28:58
erLXUOCjtZ@mail.ru,DELETE,2024-09-24 04:34:46
hBlMoBuazD@mail.ru,CREATE,2024-09-24 15:52:22
UEYQwuKSE@mail.ru,DELETE,2024-09-24 23:54:38
UEYQwuKSE@mail.ru,UPDATE,2024-09-24 22:17:26
vWRfOglEg@gmail.com,CREATE,2024-09-24 19:44:59
UEYQwuKSE@mail.ru,READ,2024-09-24 15:36:17
CwKsa@ya.ru,DELETE,2024-09-24 16:35:36
hBlMoBuazD@mail.ru,CREATE,2024-09-24 06:20:19
fJkhNDM@ya.ru,CREATE,2024-09-24 07:09:39
hBlMoBuazD@mail.ru,DELETE,2024-09-24 11:19:09
vWRfOglEg@gmail.com,DELETE,2024-09-24 10:39:16
KhacfjIIfHlS@gmail.com,UPDATE,2024-09-24 10:37:20
CwKsa@ya.ru,DELETE,2024-09-24 09:56:29
hBlMoBuazD@mail.ru,UPDATE,2024-09-24 05:16:31
aIgOwmrvNDqq@gmail.com,CREATE,2024-09-24 05:58:17
lZJvGs@gmail.com,CREATE,2024-09-24 22:37:38
lZJvGs@gmail.com,UPDATE,2024-09-24 05:35:58
aIgOwmrvNDqq@gmail.com,UPDATE,2024-09-24 22:27:36
vWRfOglEg@gmail.com,CREATE,2024-09-24 06:10:48
erLXUOCjtZ@mail.ru,DELETE,2024-09-24 06:56:03
erLXUOCjtZ@mail.ru,CREATE,2024-09-24 08:18:46
aIgOwmrvNDqq@gmail.com,CREATE,2024-09-24 00:54:48
fJkhNDM@ya.ru,UPDATE,2024-09-24 20:27:58
CwKsa@ya.ru,UPDATE,2024-09-24 06:50:29
UEYQwuKSE@mail.ru,READ,2024-09-24 01:52:56
UEYQwuKSE@mail.ru,READ,2024-09-24 06:26:54
aIgOwmrvNDqq@gmail.com,CREATE,2024-09-24 04:24:04
fJkhNDM@ya.ru,READ,2024-09-24 19:31:44
UEYQwuKSE@mail.ru,CREATE,2024-09-24 11:53:06
UEYQwuKSE@mail.ru,UPDATE,2024-09-24 03:05:54
lZJvGs@gmail.com,DELETE,2024-09-24 02:01:56
fJkhNDM@ya.ru,DELETE,2024-09-24 02:00:50
vWRfOglEg@gmail.com,CREATE,2024-09-24 14:23:12
erLXUOCjtZ@mail.ru,READ,2024-09-24 03:15:54
CwKsa@ya.ru,READ,2024-09-24 01:27:32
hBlMoBuazD@mail.ru,UPDATE,2024-09-24 05:26:31
VmstC@ya.ru,UPDATE,2024-09-24 18:08:04
erLXUOCjtZ@mail.ru,UPDATE,2024-09-24 16:40:55
erLXUOCjtZ@mail.ru,CREATE,2024-09-24 12:44:07
fJkhNDM@ya.ru,READ,2024-09-24 09:14:39
aIgOwmrvNDqq@gmail.com,CREATE,2024-09-24 19:43:51
CwKsa@ya.ru,UPDATE,2024-09-24 21:23:54
VmstC@ya.ru,CREATE,2024-09-24 00:52:12
erLXUOCjtZ@mail.ru,UPDATE,2024-09-24 05:27:39
UEYQwuKSE@mail.ru,CREATE,2024-09-24 19:06:47
fJkhNDM@ya.ru,UPDATE,2024-09-24 09:55:46
fJkhNDM@ya.ru,DELETE,2024-09-24 11:07:47
lZJvGs@gmail.com,CREATE,2024-09-24 21:39:58
lZJvGs@gmail.com,DELETE,2024-09-24 18:21:14
aIgOwmrvNDqq@gmail.com,READ,2024-09-24 02:11:04
vWRfOglEg@gmail.com,UPDATE,2024-09-24 15:26:29
hBlMoBuazD@mail.ru,DELETE,2024-09-24 13:02:58
KhacfjIIfHlS@gmail.com,DELETE,2024-09-24 05:45:36
VmstC@ya.ru,UPDATE,2024-09-24 09:12:13
CwKsa@ya.ru,CREATE,2024-09-24 19:37:08
CwKsa@ya.ru,READ,2024-09-24 15:25:01
lZJvGs@gmail.com,READ,2024-09-24 22:07:11
CwKsa@ya.ru,UPDATE,2024-09-24 02:54:24
CwKsa@ya.ru,READ,2024-09-24 10:23:03
hBlMoBuazD@mail.ru,DELETE,2024-09-24 17:39:27
lZJvGs@gmail.com,READ,2024-09-24 18:13:17
hBlMoBuazD@mail.ru,UPDATE,2024-09-24 22:20:46
hBlMoBuazD@mail.ru,READ,2024-09-24 20:19:02
erLXUOCjtZ@mail.ru,CREATE,2024-09-24 06:02:39
hBlMoBuazD@mail.ru,UPDATE,2024-09-24 20:29:07
CwKsa@ya.ru,DELETE,2024-09-24 17:39:29
VmstC@ya.ru,DELETE,2024-09-24 17:18:02
VmstC@ya.ru,UPDATE,2024-09-24 11:54:31
aIgOwmrvNDqq@gmail.com,UPDATE,2024-09-24 08:22:32
CwKsa@ya.ru,CREATE,2024-09-24 03:54:23
CwKsa@ya.ru,DELETE,2024-09-24 08:47:21
fJkhNDM@ya.ru,CREATE,2024-09-24 02:00:50
fJkhNDM@ya.ru,DELETE,2024-09-24 04:26:10
lZJvGs@gmail.com,CREATE,2024-09-24 16:41:15
erLXUOCjtZ@mail.ru,CREATE,2024-09-24 20:19:03
aIgOwmrvNDqq@gmail.com,DELETE,2024-09-24 13:27:50
vWRfOglEg@gmail.com,CREATE,2024-09-24 01:56:37
fJkhNDM@ya.ru,DELETE,2024-09-24 21:33:36
lZJvGs@gmail.com,CREATE,2024-09-24 06:31:56
UEYQwuKSE@mail.ru,READ,2024-09-24 14:51:57
lZJvGs@gmail.com,CREATE,2024-09-24 01:50:01
VmstC@ya.ru,READ,2024-09-24 23:17:33
VmstC@ya.ru,UPDATE,2024-09-24 10:52:16
UEYQwuKSE@mail.ru,CREATE,2024-09-24 22:41:04
fJkhNDM@ya.ru,READ,2024-09-24 14:23:33
erLXUOCjtZ@mail.ru,UPDATE,2024-09-24 18:27:03
vWRfOglEg@gmail.com,CREATE,2024-09-24 00:43:59
VmstC@ya.ru,DELETE,2024-09-24 19:00:15
KhacfjIIfHlS@gmail.com,UPDATE,2024-09-24 05:29:01
CwKsa@ya.ru,DELETE,2024-09-24 11:36:21
UEYQwuKSE@mail.ru,UPDATE,2024-09-24 08:01:31
hBlMoBuazD@mail.ru,CREATE,2024-09-24 01:21:32
fJkhNDM@ya.ru,CREATE,2024-09-24 18:11:26
aIgOwmrvNDqq@gmail.com,DELETE,2024-09-24 09:49:01
vWRfOglEg@gmail.com,DELETE,2024-09-24 00:47:25
fJkhNDM@ya.ru,READ,2024-09-24 11:01:59
UEYQwuKSE@mail.ru,READ,2024-09-24 12:23:13
lZJvGs@gmail.com,READ,2024-09-24 21:38:34
lZJvGs@gmail.com,UPDATE,2024-09-24 22:21:39
hBlMoBuazD@mail.ru,READ,2024-09-24 20:26:58
aIgOwmrvNDqq@gmail.com,READ,2024-09-24 07:42:46
CwKsa@ya.ru,READ,2024-09-24 17:30:32
lZJvGs@gmail.com,DELETE,2024-09-24 08:48:15
KhacfjIIfHlS@gmail.com,READ,2024-09-24 05:10:34
UEYQwuKSE@mail.ru,CREATE,2024-09-24 07:04:58
erLXUOCjtZ@mail.ru,CREATE,2024-09-24 03:14:53
CwKsa@ya.ru,UPDATE,2024-09-24 02:00:12
vWRfOglEg@gmail.com,READ,2024-09-24 07:31:20
hBlMoBuazD@mail.ru,CREATE,2024-09-24 02:06:27
VmstC@ya.ru,READ,2024-09-24 17:38:07
aIgOwmrvNDqq@gmail.com,UPDATE,2024-09-24 15:37:57
hBlMoBuazD@mail.ru,DELETE,2024-09-24 22:13:47
aIgOwmrvNDqq@gmail.com,CREATE,2024-09-24 18:04:51
VmstC@ya.ru,READ,2024-09-24 17:13:12
UEYQwuKSE@mail.ru,UPDATE,2024-09-24 15:32:20
VmstC@ya.ru,CREATE,2024-09-24 23:22:32
CwKsa@ya.ru,CREATE,2024-09-24 02:57:46
aIgOwmrvNDqq@gmail.com,DELETE,2024-09-24 11:32:48
erLXUOCjtZ@mail.ru,DELETE,2024-09-24 12:11:10
VmstC@ya.ru,READ,2024-09-24 12:06:15
fJkhNDM@ya.ru,UPDATE,2024-09-24 18:48:20
aIgOwmrvNDqq@gmail.com,UPDATE,2024-09-24 18:32:21
erLXUOCjtZ@mail.ru,READ,2024-09-24 22:56:06
VmstC@ya.ru,CREATE,2024-09-24 13:42:20
KhacfjIIfHlS@gmail.com,READ,2024-09-24 05:14:47
VmstC@ya.ru,READ,2024-09-24 13:01:23
erLXUOCjtZ@mail.ru,CREATE,2024-09-24 19:23:35
lZJvGs@gmail.com,CREATE,2024-09-24 11:59:18
CwKsa@ya.ru,UPDATE,2024-09-24 23:22:16
hBlMoBuazD@mail.ru,UPDATE,2024-09-24 02:13:44
vWRfOglEg@gmail.com,READ,2024-09-24 20:34:48
hBlMoBuazD@mail.ru,READ,2024-09-24 15:59:18
KhacfjIIfHlS@gmail.com,CREATE,2024-09-24 21:09:46
erLXUOCjtZ@mail.ru,CREATE,2024-09-24 00:27:38
hBlMoBuazD@mail.ru,UPDATE,2024-09-24 06:24:47
vWRfOglEg@gmail.com,READ,2024-09-24 07:07:39
KhacfjIIfHlS@gmail.com,DELETE,2024-09-24 11:41:31
KhacfjIIfHlS@gmail.com,READ,2024-09-24 10:15:54
VmstC@ya.ru,UPDATE,2024-09-24 10:32:27
UEYQwuKSE@mail.ru,CREATE,2024-09-24 10:53:01
UEYQwuKSE@mail.ru,READ,2024-09-24 19:43:02
vWRfOglEg@gmail.com,READ,2024-09-24 05:42:14
vWRfOglEg@gmail.com,READ,2024-09-24 04:58:07
erLXUOCjtZ@mail.ru,READ,2024-09-24 13:05:32
erLXUOCjtZ@mail.ru,DELETE,2024-09-24 12:52:58
VmstC@ya.ru,UPDATE,2024-09-24 02:04:38
hBlMoBuazD@mail.ru,CREATE,2024-09-24 00:14:37
fJkhNDM@ya.ru,DELETE,2024-09-24 00:07:40
vWRfOglEg@gmail.com,READ,2024-09-24 06:23:11
hBlMoBuazD@mail.ru,DELETE,2024-09-24 04:17:42
KhacfjIIfHlS@gmail.com,CREATE,2024-09-24 05:28:56
VmstC@ya.ru,UPDATE,2024-09-24 00:35:24
VmstC@ya.ru,UPDATE,2024-09-24 20:54:55
CwKsa@ya.ru,DELETE,2024-09-24 05:51:52
VmstC@ya.ru,CREATE,2024-09-24 02:40:37
VmstC@ya.ru,DELETE,2024-09-24 14:06:45
lZJvGs@gmail.com,DELETE,2024-09-24 22:46:54
VmstC@ya.ru,UPDATE,2024-09-24 06:36:25
erLXUOCjtZ@mail.ru,CREATE,2024-09-24 03:28:31
KhacfjIIfHlS@gmail.com,CREATE,2024-09-24 00:53:44
hBlMoBuazD@mail.ru,DELETE,2024-09-24 22:06:31
VmstC@ya.ru,CREATE,2024-09-24 12:34:59
CwKsa@ya.ru,UPDATE,2024-09-24 20:59:11
vWRfOglEg@gmail.com,CREATE,2024-09-24 03:29:22
aIgOwmrvNDqq@gmail.com,READ,2024-09-24 17:35:56
erLXUOCjtZ@mail.ru,DELETE,2024-09-24 10:23:59
lZJvGs@gmail.com,CREATE,2024-09-24 08:31:37
hBlMoBuazD@mail.ru,DELETE,2024-09-24 00:09:21
VmstC@ya.ru,READ,2024-09-24 08:36:25
aIgOwmrvNDqq@gmail.com,DELETE,2024-09-24 07:16:23
erLXUOCjtZ@mail.ru,UPDATE,2024-09-24 21:39:04
vWRfOglEg@gmail.com,DELETE,2024-09-24 16:00:26
aIgOwmrvNDqq@gmail.com,UPDATE,2024-09-24 15:05:44
hBlMoBuazD@mail.ru,CREATE,2024-09-24 02:27:54
hBlMoBuazD@mail.ru,CREATE,2024-09-24 04:28:47
aIgOwmrvNDqq@gmail.com,CREATE,2024-09-24 16:51:33
erLXUOCjtZ@mail.ru,UPDATE,2024-09-24 16:48:30
hBlMoBuazD@mail.ru,CREATE,2024-09-24 19:58:42
KhacfjIIfHlS@gmail.com,UPDATE,2024-09-24 06:38:38
aIgOwmrvNDqq@gmail.com,CREATE,2024-09-24 20:42:31
CwKsa@ya.ru,CREATE,2024-09-24 15:17:48
CwKsa@ya.ru,DELETE,2024-09-24 13:14:16
KhacfjIIfHlS@gmail.com,CREATE,2024-09-24 12:40:06
aIgOwmrvNDqq@gmail.com,READ,2024-09-24 11:55:20
fJkhNDM@ya.ru,READ,2024-09-24 16:33:54
KhacfjIIfHlS@gmail.com,CREATE,2024-09-24 05:47:40
UEYQwuKSE@mail.ru,DELETE,2024-09-24 02:45:54
VmstC@ya.ru,DELETE,2024-09-24 11:56:19
CwKsa@ya.ru,READ,2024-09-24 06:18:43
CwKsa@ya.ru,CREATE,2024-09-24 07:21:37
fJkhNDM@ya.ru,READ,2024-09-24 22:35:31
VmstC@ya.ru,CREATE,2024-09-24 13:14:34
CwKsa@ya.ru,DELETE,2024-09-24 05:03:57
UEYQwuKSE@mail.ru,DELETE,2024-09-24 01:59:39
KhacfjIIfHlS@gmail.com,UPDATE,2024-09-24 16:50:47
vWRfOglEg@gmail.com,UPDATE,2024-09-24 16:54:07
fJkhNDM@ya.ru,CREATE,2024-09-24 14:25:18
UEYQwuKSE@mail.ru,CREATE,2024-09-24 13:06:26
erLXUOCjtZ@mail.ru,DELETE,2024-09-24 21:08:29
UEYQwuKSE@mail.ru,DELETE,2024-09-24 23:16:41
lZJvGs@gmail.com,CREATE,2024-09-24 21:32:26
CwKsa@ya.ru,READ,2024-09-24 10:11:29
hBlMoBuazD@mail.ru,CREATE,2024-09-24 03:49:54
CwKsa@ya.ru,CREATE,2024-09-24 08:31:55
KhacfjIIfHlS@gmail.com,DELETE,2024-09-24 01:27:26
KhacfjIIfHlS@gmail.com,CREATE,2024-09-24 10:25:39
hBlMoBuazD@mail.ru,CREATE,2024-09-24 06:51:08
fJkhNDM@ya.ru,CREATE,2024-09-24 00:22:18
VmstC@ya.ru,READ,2024-09-24 01:06:34
vWRfOglEg@gmail.com,UPDATE,2024-09-24 18:16:44
VmstC@ya.ru,CREATE,2024-09-24 01:22:55
KhacfjIIfHlS@gmail.com,CREATE,2024-09-24 09:03:15
KhacfjIIfHlS@gmail.com,DELETE,2024-09-24 21:06:53
VmstC@ya.ru,READ,2024-09-24 15:24:45
UEYQwuKSE@mail.ru,READ,2024-09-24 05:42:30
UEYQwuKSE@mail.ru,CREATE,2024-09-24 17:20:44
VmstC@ya.ru,UPDATE,2024-09-24 15:34:10
lZJvGs@gmail.com,READ,2024-09-24 08:24:54
lZJvGs@gmail.com,READ,2024-09-24 10:35:46
fJkhNDM@ya.ru,DELETE,2024-09-24 07:43:46
CwKsa@ya.ru,DELETE,2024-09-24 01:56:00
UEYQwuKSE@mail.ru,DELETE,2024-09-24 00:49:39
hBlMoBuazD@mail.ru,DELETE,2024-09-24 21:28:36
UEYQwuKSE@mail.ru,CREATE,2024-09-24 22:09:09
vWRfOglEg@gmail.com,DELETE,2024-09-24 22:57:39
fJkhNDM@ya.ru,READ,2024-09-24 20:25:23
CwKsa@ya.ru,READ,2024-09-24 16:25:16
vWRfOglEg@gmail.com,DELETE,2024-09-24 06:42:39
CwKsa@ya.ru,READ,2024-09-24 03:26:47
vWRfOglEg@gmail.com,DELETE,2024-09-24 19:13:09
hBlMoBuazD@mail.ru,UPDATE,2024-09-24 18:31:24
erLXUOCjtZ@mail.ru,READ,2024-09-24 17:19:58
aIgOwmrvNDqq@gmail.com,CREATE,2024-09-24 05:00:59
erLXUOCjtZ@mail.ru,DELETE,2024-09-24 01:16:53
VmstC@ya.ru,CREATE,2024-09-24 08:15:56
aIgOwmrvNDqq@gmail.com,UPDATE,2024-09-24 12:03:59
vWRfOglEg@gmail.com,DELETE,2024-09-24 10:27:43
VmstC@ya.ru,CREATE,2024-09-24 02:07:25
erLXUOCjtZ@mail.ru,READ,2024-09-24 06:02:41
erLXUOCjtZ@mail.ru,UPDATE,2024-09-24 00:27:55
lZJvGs@gmail.com,READ,2024-09-24 17:09:53
lZJvGs@gmail.com,READ,2024-09-24 08:41:06
CwKsa@ya.ru,DELETE,2024-09-24 12:18:08
fJkhNDM@ya.ru,UPDATE,2024-09-24 05:15:02
vWRfOglEg@gmail.com,READ,2024-09-24 23:40:53
lZJvGs@gmail.com,UPDATE,2024-09-24 19:52:59
aIgOwmrvNDqq@gmail.com,READ,2024-09-24 10:50:06
CwKsa@ya.ru,DELETE,2024-09-24 08:34:45
UEYQwuKSE@mail.ru,UPDATE,2024-09-24 06:37:56
KhacfjIIfHlS@gmail.com,DELETE,2024-09-24 07:02:42
UEYQwuKSE@mail.ru,UPDATE,2024-09-24 14:56:12
vWRfOglEg@gmail.com,CREATE,2024-09-24 16:31:32
hBlMoBuazD@mail.ru,DELETE,2024-09-24 05:16:10
CwKsa@ya.ru,DELETE,2024-09-24 11:22:04
fJkhNDM@ya.ru,UPDATE,2024-09-24 15:06:25
CwKsa@ya.ru,DELETE,2024-09-24 20:18:04
CwKsa@ya.ru,UPDATE,2024-09-24 06:24:20
UEYQwuKSE@mail.ru,CREATE,2024-09-24 13:00:42
lZJvGs@gmail.com,DELETE,2024-09-24 02:14:47
aIgOwmrvNDqq@gmail.com,CREATE,2024-09-24 12:31:25
KhacfjIIfHlS@gmail.com,UPDATE,2024-09-24 13:32:43
aIgOwmrvNDqq@gmail.com,CREATE,2024-09-24 03:27:08
aIgOwmrvNDqq@gmail.com,DELETE,2024-09-24 07:36:57
lZJvGs@gmail.com,READ,2024-09-24 01:36:38
erLXUOCjtZ@mail.ru,READ,2024-09-24 08:23:00
VmstC@ya.ru,READ,2024-09-24 06:24:25
hBlMoBuazD@mail.ru,CREATE,2024-09-24 05:53:50
fJkhNDM@ya.ru,CREATE,2024-09-24 03:00:13
aIgOwmrvNDqq@gmail.com,READ,2024-09-24 09:36:48
VmstC@ya.ru,CREATE,2024-09-24 21:27:31
fJkhNDM@ya.ru,UPDATE,2024-09-24 10:48:22
aIgOwmrvNDqq@gmail.com,READ,2024-09-24 11:55:41
fJkhNDM@ya.ru,DELETE,2024-09-24 18:26:50
UEYQwuKSE@mail.ru,DELETE,2024-09-24 18:15:56
hBlMoBuazD@mail.ru,READ,2024-09-24 20:35:49
lZJvGs@gmail.com,READ,2024-09-24 21:06:18
aIgOwmrvNDqq@gmail.com,READ,2024-09-24 17:22:48
hBlMoBuazD@mail.ru,CREATE,2024-09-24 04:48:14
aIgOwmrvNDqq@gmail.com,READ,2024-09-24 07:24:20
KhacfjIIfHlS@gmail.com,READ,2024-09-24 22:01:01
CwKsa@ya.ru,UPDATE,2024-09-24 21:32:57
erLXUOCjtZ@mail.ru,CREATE,2024-09-24 03:07:28
hBlMoBuazD@mail.ru,DELETE,2024-09-24 13:18:21
lZJvGs@gmail.com,CREATE,2024-09-24 10:24:32
fJkhNDM@ya.ru,READ,2024-09-24 06:25:30
VmstC@ya.ru,READ,2024-09-24 09:15:50
hBlMoBuazD@mail.ru,CREATE,2024-09-24 00:36:01
aIgOwmrvNDqq@gmail.com,DELETE,2024-09-24 20:28:10
lZJvGs@gmail.com,DELETE,2024-09-24 03:06:32
UEYQwuKSE@mail.ru,DELETE,2024-09-24 03:33:06
UEYQwuKSE@mail.ru,UPDATE,2024-09-24 05:41:32
lZJvGs@gmail.com,READ,2024-09-24 13:28:16
aIgOwmrvNDqq@gmail.com,CREATE,2024-09-24 08:13:18
hBlMoBuazD@mail.ru,CREATE,2024-09-24 21:24:38
KhacfjIIfHlS@gmail.com,CREATE,2024-09-24 13:03:54
fJkhNDM@ya.ru,DELETE,2024-09-24 17:37:39
CwKsa@ya.ru,UPDATE,2024-09-24 23:02:08
aIgOwmrvNDqq@gmail.com,DELETE,2024-09-24 18:21:36
erLXUOCjtZ@mail.ru,CREATE,2024-09-24 01:56:06
vWRfOglEg@gmail.com,CREATE,2024-09-24 16:04:53
hBlMoBuazD@mail.ru,DELETE,2024-09-24 14:28:26
hBlMoBuazD@mail.ru,READ,2024-09-24 16:38:56
lZJvGs@gmail.com,UPDATE,2024-09-24 23:09:36
VmstC@ya.ru,DELETE,2024-09-24 06:04:19
VmstC@ya.ru,READ,2024-09-24 01:42:39
KhacfjIIfHlS@gmail.com,DELETE,2024-09-24 14:22:44
hBlMoBuazD@mail.ru,UPDATE,2024-09-24 20:21:15
UEYQwuKSE@mail.ru,DELETE,2024-09-24 15:12:39
erLXUOCjtZ@mail.ru,CREATE,2024-09-24 12:55:42
KhacfjIIfHlS@gmail.com,DELETE,2024-09-24 01:28:50
hBlMoBuazD@mail.ru,CREATE,2024-09-24 19:57:41
KhacfjIIfHlS@gmail.com,READ,2024-09-24 15:30:29
lZJvGs@gmail.com,DELETE,2024-09-24 14:00:21
vWRfOglEg@gmail.com,READ,2024-09-24 21:11:30
VmstC@ya.ru,DELETE,2024-09-24 13:18:28
fJkhNDM@ya.ru,UPDATE,2024-09-24 17:57:37
CwKsa@ya.ru,DELETE,2024-09-24 21:33:41
CwKsa@ya.ru,UPDATE,2024-09-24 09:41:28
KhacfjIIfHlS@gmail.com,CREATE,2024-09-24 14:31:18
UEYQwuKSE@mail.ru,DELETE,2024-09-24 10:03:00
hBlMoBuazD@mail.ru,UPDATE,2024-09-24 13:18:29
fJkhNDM@ya.ru,DELETE,2024-09-24 19:27:09
UEYQwuKSE@mail.ru,UPDATE,2024-09-24 10:17:50
erLXUOCjtZ@mail.ru,READ,2024-09-24 14:52:53
fJkhNDM@ya.ru,READ,2024-09-24 14:35:44
vWRfOglEg@gmail.com,DELETE,2024-09-24 21:31:56
CwKsa@ya.ru,UPDATE,2024-09-24 19:37:49
vWRfOglEg@gmail.com,READ,2024-09-24 03:51:39
UEYQwuKSE@mail.ru,READ,2024-09-24 13:25:19
VmstC@ya.ru,READ,2024-09-24 00:05:26
aIgOwmrvNDqq@gmail.com,DELETE,2024-09-24 03:29:47
fJkhNDM@ya.ru,DELETE,2024-09-24 02:47:16
VmstC@ya.ru,DELETE,2024-09-24 02:04:56
fJkhNDM@ya.ru,UPDATE,2024-09-24 09:25:58
fJkhNDM@ya.ru,DELETE,2024-09-24 05:49:04
erLXUOCjtZ@mail.ru,UPDATE,2024-09-24 17:16:08
erLXUOCjtZ@mail.ru,DELETE,2024-09-24 14:19:01
UEYQwuKSE@mail.ru,DELETE,2024-09-24 17:48:19
KhacfjIIfHlS@gmail.com,READ,2024-09-24 11:02:31
fJkhNDM@ya.ru,UPDATE,2024-09-24 21:31:44
aIgOwmrvNDqq@gmail.com,CREATE,2024-09-24 00:08:10
erLXUOCjtZ@mail.ru,READ,2024-09-24 21:55:07
aIgOwmrvNDqq@gmail.com,DELETE,2024-09-24 09:28:24
lZJvGs@gmail.com,UPDATE,2024-09-24 03:45:35
lZJvGs@gmail.com,UPDATE,2024-09-24 14:55:03
hBlMoBuazD@mail.ru,UPDATE,2024-09-24 09:55:53
aIgOwmrvNDqq@gmail.com,CREATE,2024-09-24 11:23:05
vWRfOglEg@gmail.com,DELETE,2024-09-24 10:33:12
aIgOwmrvNDqq@gmail.com,READ,2024-09-24 11:51:28
fJkhNDM@ya.ru,READ,2024-09-24 10:25:53
UEYQwuKSE@mail.ru,READ,2024-09-24 12:20:44
hBlMoBuazD@mail.ru,DELETE,2024-09-24 13:24:52
lZJvGs@gmail.com,READ,2024-09-24 01:14:37
hBlMoBuazD@mail.ru,CREATE,2024-09-24 23:35:56
fJkhNDM@ya.ru,CREATE,2024-09-24 11:17:29
fJkhNDM@ya.ru,DELETE,2024-09-24 01:37:29
VmstC@ya.ru,CREATE,2024-09-24 10:22:36
aIgOwmrvNDqq@gmail.com,CREATE,2024-09-24 17:08:15
lZJvGs@gmail.com,UPDATE,2024-09-24 02:16:58
vWRfOglEg@gmail.com,CREATE,2024-09-24 13:54:47
fJkhNDM@ya.ru,READ,2024-09-24 08:50:38
lZJvGs@gmail.com,CREATE,2024-09-24 07:38:36
CwKsa@ya.ru,CREATE,2024-09-24 07:22:03
aIgOwmrvNDqq@gmail.com,READ,2024-09-24 04:23:29
aIgOwmrvNDqq@gmail.com,CREATE,2024-09-24 09:59:52
vWRfOglEg@gmail.com,READ,2024-09-24 11:38:05
UEYQwuKSE@mail.ru,UPDATE,2024-09-24 02:33:31
aIgOwmrvNDqq@gmail.com,READ,2024-09-24 12:35:42
lZJvGs@gmail.com,DELETE,2024-09-24 22:35:14
fJkhNDM@ya.ru,READ,2024-09-24 18:56:41
UEYQwuKSE@mail.ru,READ,2024-09-24 01:32:44
aIgOwmrvNDqq@gmail.com,DELETE,2024-09-24 05:14:33
VmstC@ya.ru,CREATE,2024-09-24 07:14:36
CwKsa@ya.ru,READ,2024-09-24 16:47:59
vWRfOglEg@gmail.com,DELETE,2024-09-24 09:31:57
aIgOwmrvNDqq@gmail.com,DELETE,2024-09-24 22:29:29
fJkhNDM@ya.ru,DELETE,2024-09-24 18:41:45
KhacfjIIfHlS@gmail.com,READ,2024-09-24 01:51:50
VmstC@ya.ru,CREATE,2024-09-24 11:09:27
KhacfjIIfHlS@gmail.com,READ,2024-09-24 10:04:28
fJkhNDM@ya.ru,CREATE,2024-09-24 10:01:00
lZJvGs@gmail.com,CREATE,2024-09-24 06:22:29
fJkhNDM@ya.ru,CREATE,2024-09-24 12:39:10
KhacfjIIfHlS@gmail.com,CREATE,2024-09-24 00:21:28
vWRfOglEg@gmail.com,DELETE,2024-09-24 06:46:34
CwKsa@ya.ru,READ,2024-09-24 14:52:15
lZJvGs@gmail.com,DELETE,2024-09-24 07:22:58
fJkhNDM@ya.ru,DELETE,2024-09-24 03:39:19
KhacfjIIfHlS@gmail.com,READ,2024-09-24 22:22:17
VmstC@ya.ru,UPDATE,2024-09-24 16:00:49
hBlMoBuazD@mail.ru,READ,2024-09-24 03:21:15
fJkhNDM@ya.ru,DELETE,2024-09-24 15:17:35
hBlMoBuazD@mail.ru,UPDATE,2024-09-24 07:36:14
lZJvGs@gmail.com,READ,2024-09-24 07:28:44
hBlMoBuazD@mail.ru,DELETE,2024-09-24 09:59:53
vWRfOglEg@gmail.com,READ,2024-09-24 08:51:59
KhacfjIIfHlS@gmail.com,UPDATE,2024-09-24 10:04:07
UEYQwuKSE@mail.ru,DELETE,2024-09-24 15:59:14
KhacfjIIfHlS@gmail.com,CREATE,2024-09-24 19:09:33
VmstC@ya.ru,CREATE,2024-09-24 08:38:20
fJkhNDM@ya.ru,DELETE,2024-09-24 07:57:45
hBlMoBuazD@mail.ru,CREATE,2024-09-24 10:08:55
erLXUOCjtZ@mail.ru,READ,2024-09-24 21:21:55
lZJvGs@gmail.com,DELETE,2024-09-24 22:43:16
hBlMoBuazD@mail.ru,UPDATE,2024-09-24 12:29:41
fJkhNDM@ya.ru,UPDATE,2024-09-24 11:22:06
VmstC@ya.ru,READ,2024-09-24 18:44:01
VmstC@ya.ru,READ,2024-09-24 14:58:48
aIgOwmrvNDqq@gmail.com,UPDATE,2024-09-24 04:31:47
CwKsa@ya.ru,DELETE,2024-09-24 06:39:56
fJkhNDM@ya.ru,CREATE,2024-09-24 09:55:24
aIgOwmrvNDqq@gmail.com,READ,2024-09-24 19:39:51
fJkhNDM@ya.ru,CREATE,2024-09-24 11:04:07
lZJvGs@gmail.com,READ,2024-09-24 17:02:37
aIgOwmrvNDqq@gmail.com,CREATE,2024-09-24 13:34:59
VmstC@ya.ru,UPDATE,2024-09-24 12:16:24
vWRfOglEg@gmail.com,READ,2024-09-24 05:45:25
KhacfjIIfHlS@gmail.com,READ,2024-09-24 23:49:22
fJkhNDM@ya.ru,DELETE,2024-09-24 15:47:52
vWRfOglEg@gmail.com,DELETE,2024-09-24 00:39:19
fJkhNDM@ya.ru,UPDATE,2024-09-24 03:20:25
hBlMoBuazD@mail.ru,CREATE,2024-09-24 08:19:42
VmstC@ya.ru,CREATE,2024-09-24 08:29:23
hBlMoBuazD@mail.ru,CREATE,2024-09-24 06:47:22
VmstC@ya.ru,CREATE,2024-09-24 09:07:41
VmstC@ya.ru,UPDATE,2024-09-24 15:18:56
lZJvGs@gmail.com,DELETE,2024-09-24 07:29:28
lZJvGs@gmail.com,DELETE,2024-09-24 13:11:45
KhacfjIIfHlS@gmail.com,UPDATE,2024-09-24 23:43:12
aIgOwmrvNDqq@gmail.com,DELETE,2024-09-24 21:18:22
hBlMoBuazD@mail.ru,READ,2024-09-24 18:54:19
hBlMoBuazD@mail.ru,DELETE,2024-09-24 19:52:48
hBlMoBuazD@mail.ru,UPDATE,2024-09-24 08:47:11
KhacfjIIfHlS@gmail.com,READ,2024-09-24 15:04:30
VmstC@ya.ru,UPDATE,2024-09-24 12:19:29
lZJvGs@gmail.com,CREATE,2024-09-24 03:08:39
vWRfOglEg@gmail.com,UPDATE,2024-09-24 23:50:33
UEYQwuKSE@mail.ru,UPDATE,2024-09-24 21:17:38
CwKsa@ya.ru,DELETE,2024-09-24 22:27:07
CwKsa@ya.ru,DELETE,2024-09-24 16:44:27
hBlMoBuazD@mail.ru,READ,2024-09-24 12:54:49
fJkhNDM@ya.ru,UPDATE,2024-09-24 21:38:16
lZJvGs@gmail.com,READ,2024-09-24 17:21:50
KhacfjIIfHlS@gmail.com,READ,2024-09-24 03:17:04
vWRfOglEg@gmail.com,CREATE,2024-09-24 13:41:41
VmstC@ya.ru,UPDATE,2024-09-24 07:43:17
CwKsa@ya.ru,UPDATE,2024-09-24 10:44:30
UEYQwuKSE@mail.ru,READ,2024-09-24 09:06:59
VmstC@ya.ru,DELETE,2024-09-24 11:20:48
aIgOwmrvNDqq@gmail.com,CREATE,2024-09-24 03:07:35
hBlMoBuazD@mail.ru,CREATE,2024-09-24 13:27:56
VmstC@ya.ru,DELETE,2024-09-24 03:34:12
hBlMoBuazD@mail.ru,READ,2024-09-24 05:13:29
aIgOwmrvNDqq@gmail.com,DELETE,2024-09-24 23:18:19
CwKsa@ya.ru,CREATE,2024-09-24 06:06:57
vWRfOglEg@gmail.com,UPDATE,2024-09-24 00:56:27
aIgOwmrvNDqq@gmail.com,UPDATE,2024-09-24 02:47:51
CwKsa@ya.ru,CREATE,2024-09-24 22:05:54
VmstC@ya.ru,DELETE,2024-09-24 17:50:38
VmstC@ya.ru,DELETE,2024-09-24 07:32:59
hBlMoBuazD@mail.ru,CREATE,2024-09-24 20:09:43
hBlMoBuazD@mail.ru,READ,2024-09-24 11:34:47
aIgOwmrvNDqq@gmail.com,UPDATE,2024-09-24 16:31:07
hBlMoBuazD@mail.ru,CREATE,2024-09-24 01:51:15
hBlMoBuazD@mail.ru,CREATE,2024-09-24 19:03:50
CwKsa@ya.ru,UPDATE,2024-09-24 23:44:19
CwKsa@ya.ru,UPDATE,2024-09-24 01:59:35
UEYQwuKSE@mail.ru,DELETE,2024-09-24 01:02:02
vWRfOglEg@gmail.com,DELETE,2024-09-24 07:15:13
VmstC@ya.ru,UPDATE,2024-09-24 10:03:36
fJkhNDM@ya.ru,READ,2024-09-24 16:25:03
lZJvGs@gmail.com,READ,2024-09-24 02:31:13
KhacfjIIfHlS@gmail.com,UPDATE,2024-09-24 06:58:45
aIgOwmrvNDqq@gmail.com,READ,2024-09-24 10:00:37
CwKsa@ya.ru,UPDATE,2024-09-24 08:26:32
CwKsa@ya.ru,UPDATE,2024-09-24 07:05:25
aIgOwmrvNDqq@gmail.com,CREATE,2024-09-24 01:42:57
CwKsa@ya.ru,UPDATE,2024-09-24 09:40:43
vWRfOglEg@gmail.com,UPDATE,2024-09-24 23:26:53
KhacfjIIfHlS@gmail.com,DELETE,2024-09-24 23:47:06
KhacfjIIfHlS@gmail.com,CREATE,2024-09-24 04:42:51
lZJvGs@gmail.com,DELETE,2024-09-24 11:32:32
lZJvGs@gmail.com,CREATE,2024-09-24 19:32:23
aIgOwmrvNDqq@gmail.com,UPDATE,2024-09-24 15:06:16
aIgOwmrvNDqq@gmail.com,UPDATE,2024-09-24 18:02:30
CwKsa@ya.ru,DELETE,2024-09-24 19:52:25
lZJvGs@gmail.com,DELETE,2024-09-24 15:37:42
fJkhNDM@ya.ru,DELETE,2024-09-24 23:51:07
UEYQwuKSE@mail.ru,DELETE,2024-09-24 11:29:04
CwKsa@ya.ru,CREATE,2024-09-24 01:18:18
hBlMoBuazD@mail.ru,DELETE,2024-09-24 09:25:42
fJkhNDM@ya.ru,READ,2024-09-24 06:20:27
VmstC@ya.ru,CREATE,2024-09-24 08:25:46
UEYQwuKSE@mail.ru,CREATE,2024-09-24 14:00:32
aIgOwmrvNDqq@gmail.com,CREATE,2024-09-24 05:54:56
VmstC@ya.ru,CREATE,2024-09-24 22:30:19
hBlMoBuazD@mail.ru,DELETE,2024-09-24 11:28:27
KhacfjIIfHlS@gmail.com,UPDATE,2024-09-24 14:18:46
aIgOwmrvNDqq@gmail.com,READ,2024-09-24 17:13:23
aIgOwmrvNDqq@gmail.com,CREATE,2024-09-24 22:43:57
CwKsa@ya.ru,READ,2024-09-24 17:35:21
vWRfOglEg@gmail.com,DELETE,2024-09-24 17:58:58
lZJvGs@gmail.com,CREATE,2024-09-24 18:14:54
UEYQwuKSE@mail.ru,UPDATE,2024-09-24 16:53:37
CwKsa@ya.ru,CREATE,2024-09-24 09:34:07
hBlMoBuazD@mail.ru,CREATE,2024-09-24 05:53:03
hBlMoBuazD@mail.ru,DELETE,2024-09-24 23:11:14
fJkhNDM@ya.ru,READ,2024-09-24 05:14:56
lZJvGs@gmail.com,UPDATE,2024-09-24 03:03:18
KhacfjIIfHlS@gmail.com,DELETE,2024-09-24 02:06:12
vWRfOglEg@gmail.com,CREATE,2024-09-24 15:59:25
UEYQwuKSE@mail.ru,CREATE,2024-09-24 16:54:38
CwKsa@ya.ru,DELETE,2024-09-24 09:05:24
erLXUOCjtZ@mail.ru,UPDATE,2024-09-24 23:11:05
KhacfjIIfHlS@gmail.com,CREATE,2024-09-24 18:42:49
fJkhNDM@ya.ru,DELETE,2024-09-24 03:52:13
KhacfjIIfHlS@gmail.com,UPDATE,2024-09-24 11:21:28
VmstC@ya.ru,CREATE,2024-09-24 12:51:53
UEYQwuKSE@mail.ru,DELETE,2024-09-24 20:43:39
fJkhNDM@ya.ru,CREATE,2024-09-24 10:56:29
erLXUOCjtZ@mail.ru,CREATE,2024-09-24 06:54:35
fJkhNDM@ya.ru,CREATE,2024-09-24 06:25:21
lZJvGs@gmail.com,UPDATE,2024-09-24 20:31:59
lZJvGs@gmail.com,UPDATE,2024-09-24 22:15:56
KhacfjIIfHlS@gmail.com,CREATE,2024-09-24 23:29:36
hBlMoBuazD@mail.ru,UPDATE,2024-09-24 13:35:59
KhacfjIIfHlS@gmail.com,READ,2024-09-24 15:51:09
UEYQwuKSE@mail.ru,UPDATE,2024-09-24 03:08:17
fJkhNDM@ya.ru,CREATE,2024-09-24 08:47:23
lZJvGs@gmail.com,DELETE,2024-09-24 10:58:54
VmstC@ya.ru,DELETE,2024-09-24 06:15:44
erLXUOCjtZ@mail.ru,CREATE,2024-09-24 04:39:02
erLXUOCjtZ@mail.ru,DELETE,2024-09-24 20:15:57
KhacfjIIfHlS@gmail.com,READ,2024-09-24 04:53:32
lZJvGs@gmail.com,CREATE,2024-09-24 02:18:13
VmstC@ya.ru,READ,2024-09-24 20:21:24
lZJvGs@gmail.com,UPDATE,2024-09-24 07:45:58
KhacfjIIfHlS@gmail.com,DELETE,2024-09-24 07:29:52
aIgOwmrvNDqq@gmail.com,READ,2024-09-24 18:49:08
hBlMoBuazD@mail.ru,UPDATE,2024-09-24 10:45:48
VmstC@ya.ru,DELETE,2024-09-24 01:07:27
aIgOwmrvNDqq@gmail.com,UPDATE,2024-09-24 04:23:37
erLXUOCjtZ@mail.ru,DELETE,2024-09-24 02:23:17
fJkhNDM@ya.ru,DELETE,2024-09-24 20:04:27
vWRfOglEg@gmail.com,DELETE,2024-09-24 12:55:35
aIgOwmrvNDqq@gmail.com,READ,2024-09-24 02:10:14
CwKsa@ya.ru,DELETE,2024-09-24 11:10:32
hBlMoBuazD@mail.ru,DELETE,2024-09-24 22:30:48
lZJvGs@gmail.com,DELETE,2024-09-24 14:23:24
VmstC@ya.ru,DELETE,2024-09-24 08:12:40
lZJvGs@gmail.com,READ,2024-09-24 12:49:06
VmstC@ya.ru,UPDATE,2024-09-24 07:05:11
VmstC@ya.ru,CREATE,2024-09-24 03:03:27
hBlMoBuazD@mail.ru,UPDATE,2024-09-24 15:22:26
fJkhNDM@ya.ru,DELETE,2024-09-24 20:04:55
KhacfjIIfHlS@gmail.com,DELETE,2024-09-24 18:20:08
hBlMoBuazD@mail.ru,CREATE,2024-09-24 15:17:20
lZJvGs@gmail.com,UPDATE,2024-09-24 06:43:54
aIgOwmrvNDqq@gmail.com,DELETE,2024-09-24 01:55:38
vWRfOglEg@gmail.com,CREATE,2024-09-24 13:39:12
aIgOwmrvNDqq@gmail.com,CREATE,2024-09-24 01:19:08
UEYQwuKSE@mail.ru,CREATE,2024-09-24 22:47:05
erLXUOCjtZ@mail.ru,DELETE,2024-09-24 10:16:40
lZJvGs@gmail.com,UPDATE,2024-09-24 16:13:02
aIgOwmrvNDqq@gmail.com,READ,2024-09-24 01:52:19
fJkhNDM@ya.ru,CREATE,2024-09-24 07:56:30
VmstC@ya.ru,READ,2024-09-24 15:27:42
vWRfOglEg@gmail.com,CREATE,2024-09-24 22:21:49
VmstC@ya.ru,CREATE,2024-09-24 02:24:01
VmstC@ya.ru,DELETE,2024-09-24 17:51:00